Dataset 1,,,Dataset 2,,,Dataset 3,,,Dataset 4,,,Dataset 5,,,Dataset 6,
Attribute,Correlation,,Attribute,Correlation,,Attribute,Correlation,,Attribute,Correlation,,Attribute,Correlation,,Attribute,Correlation
152,0.26938,,681,0.33972,,222,0.36543,,222,0.45195,,477,0.33673,,477,0.43691
13,0.26693,,732,0.33672,,18,0.24809,,18,0.34026,,222,0.26519,,222,0.34972
452,0.25979,,478,0.32619,,152,0.20204,,138,0.1842,,98,0.24784,,98,0.29746
484,0.25897,,152,0.30419,,452,0.18672,,190,0.1719,,13,0.17551,,521,0.20248
501,0.25724,,13,0.3,,13,0.17574,,417,0.16732,,452,0.17047,,523,0.2003
1176,0.25681,,452,0.29131,,138,0.1478,,1176,0.16711,,152,0.16571,,522,0.20012
655,0.25332,,477,0.24692,,70,0.14221,,1027,0.16612,,523,0.14067,,517,0.19753
417,0.25238,,98,0.20499,,69,0.14117,,655,0.16453,,521,0.13921,,518,0.19722
190,0.2393,,133,0.17036,,68,0.13913,,501,0.15742,,516,0.13882,,519,0.19721
1027,0.23034,,130,0.16949,,501,0.13564,,484,0.15183,,517,0.13875,,514,0.19709
20,0.22845,,132,0.16926,,95,0.13206,,20,0.13921,,515,0.13874,,515,0.1969
138,0.2225,,131,0.16862,,190,0.12686,,26,0.13871,,519,0.13861,,513,0.19597
95,0.22085,,128,0.167,,417,0.12614,,95,0.13476,,518,0.13858,,446,0.19577
253,0.21985,,129,0.16697,,655,0.12325,,681,0.1253,,513,0.13725,,516,0.19502
18,0.21934,,124,0.16694,,1176,0.12246,,152,0.12196,,514,0.13723,,512,0.19485
26,0.21765,,125,0.1668,,484,0.12164,,69,0.12003,,522,0.13616,,511,0.19247
5,0.18881,,123,0.1668,,130,0.12104,,70,0.11976,,511,0.13611,,520,0.19209
222,0.17726,,122,0.16652,,131,0.12083,,452,0.11627,,512,0.13591,,510,0.19024
70,0.1722,,126,0.16588,,129,0.1207,,68,0.11614,,510,0.13536,,445,0.19
69,0.17103,,127,0.16575,,132,0.12053,,143,0.11301,,446,0.13492,,509,0.18822
68,0.16683,,121,0.16571,,128,0.12047,,142,0.11216,,509,0.13282,,447,0.18743
701,0.15756,,116,0.16506,,143,0.12004,,71,0.10959,,520,0.13112,,507,0.18595
570,0.15658,,118,0.16489,,133,0.11787,,72,0.10939,,445,0.13111,,508,0.18567
681,0.15411,,120,0.16486,,120,0.11751,,950,0.10909,,507,0.13091,,506,0.18432
1118,0.1531,,110,0.16476,,122,0.11702,,132,0.10859,,508,0.12993,,505,0.18367
122,0.14012,,119,0.16464,,124,0.11697,,131,0.10846,,504,0.12955,,504,0.18235
131,0.13962,,117,0.16462,,121,0.11693,,66,0.10826,,506,0.1293,,503,0.18205
123,0.13896,,113,0.16444,,125,0.11691,,130,0.10764,,447,0.12894,,502,0.18202
130,0.13883,,109,0.16441,,126,0.1169,,129,0.10752,,505,0.12874,,499,0.17969
133,0.1386,,112,0.16428,,119,0.11688,,135,0.10685,,502,0.12744,,448,0.17961
132,0.13834,,114,0.16327,,123,0.11667,,128,0.10682,,681,0.12714,,501,0.17927
116,0.1383,,115,0.16287,,118,0.11656,,134,0.1059,,503,0.12557,,500,0.17903
117,0.13819,,134,0.16253,,117,0.11646,,133,0.10588,,500,0.12476,,449,0.17807
124,0.13815,,111,0.16168,,127,0.11624,,144,0.10576,,499,0.12473,,498,0.17667
120,0.13804,,135,0.16079,,681,0.11539,,116,0.10529,,448,0.1244,,496,0.17634
121,0.13775,,103,0.15932,,116,0.11537,,117,0.10474,,501,0.12393,,497,0.17591
118,0.13747,,108,0.15903,,114,0.11509,,77,0.10472,,449,0.12349,,492,0.17453
119,0.13734,,74,0.15892,,113,0.11486,,109,0.10452,,497,0.12317,,485,0.17447
126,0.1373,,106,0.15884,,115,0.11468,,136,0.10424,,496,0.12287,,450,0.17416
125,0.13724,,100,0.15878,,71,0.11418,,124,0.10422,,482,0.12278,,451,0.17402
128,0.13689,,107,0.15864,,135,0.11406,,110,0.10418,,498,0.12265,,495,0.17394
129,0.1367,,101,0.15845,,72,0.11381,,67,0.10414,,451,0.12227,,493,0.17359
127,0.13661,,73,0.15839,,112,0.11361,,119,0.1041,,492,0.12222,,494,0.1735
135,0.13637,,102,0.15819,,134,0.11325,,62,0.10405,,450,0.12213,,491,0.17282
115,0.13629,,71,0.15812,,66,0.11321,,122,0.10402,,484,0.12195,,482,0.1725
134,0.13622,,105,0.1578,,111,0.11295,,65,0.10399,,488,0.12173,,487,0.1725
113,0.13605,,104,0.15777,,136,0.11248,,112,0.10386,,489,0.1217,,489,0.17248
114,0.13575,,99,0.15749,,109,0.11247,,64,0.10385,,495,0.12169,,486,0.17242
112,0.13526,,77,0.15747,,65,0.11244,,114,0.10385,,483,0.12161,,490,0.17225
71,0.13471,,72,0.15743,,110,0.11243,,63,0.10375,,493,0.12147,,488,0.17207
111,0.13355,,136,0.15722,,64,0.11171,,118,0.10372,,486,0.12145,,483,0.17181
109,0.1328,,70,0.15701,,67,0.11129,,115,0.1037,,485,0.1213,,484,0.17147
108,0.1326,,81,0.15687,,63,0.11113,,61,0.1037,,487,0.12115,,455,0.17047
110,0.13194,,76,0.15674,,61,0.11054,,123,0.10369,,491,0.12115,,454,0.16954
72,0.13172,,97,0.15608,,108,0.1105,,127,0.10356,,490,0.12108,,480,0.16913
107,0.1316,,75,0.15593,,107,0.11009,,88,0.10355,,455,0.121,,452,0.16875
105,0.13157,,69,0.15561,,62,0.10976,,125,0.10353,,454,0.12078,,479,0.16863
106,0.1313,,79,0.1552,,105,0.10955,,80,0.10347,,494,0.12069,,478,0.16806
104,0.1312,,63,0.15509,,106,0.10953,,89,0.10341,,453,0.11963,,453,0.1678
103,0.13103,,61,0.15471,,86,0.10944,,121,0.10338,,457,0.1188,,457,0.16772
136,0.1308,,78,0.15464,,85,0.10936,,78,0.10331,,456,0.11877,,481,0.16765
66,0.13051,,82,0.15441,,74,0.10929,,73,0.10325,,459,0.11864,,456,0.16702
102,0.13039,,65,0.15426,,89,0.10929,,120,0.10321,,479,0.11809,,476,0.16674
982,0.12944,,62,0.1541,,88,0.1092,,108,0.1032,,458,0.11794,,470,0.16652
78,0.12937,,94,0.1537,,104,0.10907,,86,0.10316,,481,0.11789,,458,0.16632
67,0.12928,,85,0.15359,,84,0.10901,,87,0.10314,,460,0.11785,,469,0.16615
100,0.12913,,66,0.15303,,103,0.10879,,111,0.1031,,480,0.11763,,471,0.16615
143,0.12887,,86,0.15273,,91,0.10865,,92,0.10283,,476,0.1174,,459,0.16595
73,0.12812,,83,0.15249,,1027,0.10856,,91,0.10282,,475,0.11717,,468,0.16565
99,0.1273,,64,0.15247,,93,0.10853,,74,0.10259,,472,0.11699,,461,0.1654
82,0.12728,,95,0.15247,,73,0.10852,,94,0.10258,,478,0.11659,,473,0.16473
74,0.12712,,84,0.15207,,87,0.10852,,126,0.10257,,474,0.11652,,472,0.16437
79,0.12709,,67,0.15157,,90,0.10846,,102,0.10256,,471,0.11647,,460,0.16418
101,0.12689,,68,0.15156,,77,0.10838,,96,0.10256,,461,0.11641,,462,0.16412
92,0.1266,,96,0.15116,,92,0.10837,,113,0.10252,,470,0.11619,,474,0.16402
93,0.12655,,80,0.15113,,101,0.10835,,107,0.10244,,463,0.11602,,463,0.16399
62,0.12626,,93,0.15022,,94,0.10815,,97,0.10242,,473,0.116,,467,0.16398
84,0.12621,,87,0.15004,,82,0.1081,,90,0.10233,,462,0.11582,,475,0.16366
77,0.12621,,88,0.14993,,96,0.10797,,81,0.10218,,469,0.11581,,466,0.16365
81,0.126,,92,0.1499,,80,0.1079,,93,0.10211,,468,0.11575,,465,0.16292
97,0.12592,,89,0.14916,,83,0.10787,,106,0.1021,,467,0.11529,,464,0.16292
91,0.12581,,91,0.14786,,97,0.10778,,79,0.10204,,466,0.11476,,681,0.14781
96,0.12545,,90,0.14681,,102,0.10775,,85,0.1019,,464,0.11455,,439,0.13303
85,0.12539,,60,0.14619,,100,0.10765,,103,0.10186,,465,0.1145,,260,0.12136
64,0.12535,,59,0.14382,,81,0.10758,,82,0.10186,,130,0.11296,,259,0.11934
94,0.12522,,222,0.14301,,79,0.10728,,99,0.10172,,129,0.11258,,261,0.11801
86,0.12519,,137,0.13787,,99,0.10724,,75,0.10172,,132,0.11224,,675,0.11539
76,0.12504,,58,0.13117,,75,0.10699,,100,0.10159,,128,0.11215,,13,0.11214
63,0.1249,,258,0.13006,,78,0.10666,,104,0.10149,,675,0.11192,,262,0.11074
75,0.12455,,57,0.12847,,98,0.1056,,101,0.10141,,131,0.11176,,263,0.10992
61,0.12429,,139,0.12783,,76,0.1047,,76,0.10132,,126,0.11161,,240,0.10966
80,0.12426,,138,0.12523,,570,0.10379,,84,0.10117,,133,0.11156,,236,0.10922
65,0.12415,,141,0.12364,,26,0.10303,,105,0.10086,,127,0.11139,,235,0.10874
98,0.12406,,140,0.12337,,144,0.10247,,83,0.10018,,124,0.11068,,238,0.10871
716,0.124,,142,0.12334,,142,0.10194,,137,0.10014,,125,0.11065,,239,0.10871
89,0.12387,,143,0.12334,,1118,0.10157,,157,0.09973,,135,0.11036,,158,0.10859
83,0.12374,,677,0.12305,,60,0.10118,,158,0.09943,,123,0.11009,,237,0.10837
144,0.12372,,56,0.118,,20,0.10027,,156,0.0994,,122,0.10971,,241,0.10776
87,0.12256,,55,0.11456,,137,0.09985,,98,0.09887,,120,0.10943,,243,0.10768
90,0.1224,,53,0.11196,,59,0.09931,,139,0.0987,,121,0.10915,,157,0.10765
88,0.1216,,675,0.11145,,677,0.0985,,140,0.0982,,134,0.109,,242,0.10723
60,0.11632,,52,0.11084,,139,0.09751,,141,0.09652,,136,0.1089,,264,0.10646
59,0.11482,,54,0.10085,,140,0.09574,,60,0.09482,,119,0.10886,,265,0.10547
137,0.11178,,995,0.07182,,141,0.09551,,59,0.09446,,118,0.10838,,159,0.10488
142,0.11138,,994,0.07146,,58,0.09158,,58,0.09238,,117,0.10807,,266,0.10365
58,0.10752,,1228,0.07092,,57,0.08677,,56,0.0898,,116,0.10755,,268,0.10323
139,0.10461,,774,0.06806,,982,0.08524,,55,0.08977,,111,0.10675,,258,0.10319
57,0.10416,,773,0.06806,,716,0.08266,,57,0.08919,,112,0.10656,,160,0.10282
140,0.09868,,775,0.06771,,53,0.08002,,53,0.08703,,114,0.10645,,269,0.10211
477,0.09831,,439,0.06765,,56,0.0789,,52,0.0867,,113,0.10645,,267,0.10147
141,0.09811,,776,0.06748,,55,0.07801,,145,0.08549,,115,0.10625,,161,0.10082
957,0.09152,,772,0.06704,,52,0.0776,,154,0.0851,,110,0.1062,,163,0.10032
677,0.09056,,170,0.06701,,253,0.07558,,19,0.08433,,109,0.10605,,167,0.09992
56,0.0869,,771,0.06611,,54,0.0728,,54,0.08415,,108,0.10478,,164,0.09982
55,0.08573,,769,0.06607,,156,0.06958,,147,0.08386,,107,0.10404,,232,0.09979
53,0.0857,,770,0.06603,,157,0.0686,,151,0.08385,,106,0.10392,,165,0.09978
52,0.08341,,171,0.06576,,158,0.06773,,155,0.08356,,104,0.1038,,162,0.09952
54,0.08019,,294,0.06443,,478,0.06464,,149,0.08231,,103,0.1038,,234,0.09928
145,0.07821,,295,0.06434,,995,0.06415,,153,0.08201,,102,0.10351,,166,0.09873
153,0.06865,,296,0.06417,,145,0.06339,,478,0.08161,,105,0.10308,,256,0.09867
158,0.06641,,145,0.06377,,994,0.06334,,146,0.08111,,100,0.10262,,231,0.09826
217,0.06578,,144,0.06314,,950,0.06292,,150,0.08047,,101,0.10245,,233,0.09826
156,0.06522,,293,0.06251,,155,0.06149,,148,0.07972,,137,0.10223,,229,0.09738
215,0.06521,,292,0.06223,,147,0.06078,,160,0.07968,,92,0.10167,,230,0.09658
164,0.065,,147,0.06221,,770,0.06022,,159,0.07924,,97,0.10164,,255,0.0965
151,0.0648,,150,0.06191,,771,0.06004,,161,0.07909,,94,0.10163,,274,0.09635
162,0.06466,,224,0.06189,,774,0.0598,,162,0.07875,,93,0.10138,,270,0.09627
163,0.06438,,149,0.06137,,776,0.05979,,164,0.07853,,99,0.10126,,257,0.09621
161,0.0638,,223,0.0609,,775,0.05965,,166,0.07825,,91,0.10088,,228,0.09593
154,0.06337,,218,0.06039,,773,0.05963,,570,0.07824,,95,0.10066,,320,0.09569
159,0.06277,,225,0.06038,,154,0.05959,,163,0.07798,,439,0.10044,,273,0.09548
166,0.06201,,228,0.06013,,772,0.0594,,165,0.07791,,82,0.10033,,275,0.09542
155,0.062,,237,0.06001,,19,0.05935,,167,0.07789,,84,0.10025,,168,0.09533
160,0.06199,,220,0.05998,,146,0.05804,,194,0.07724,,74,0.10024,,271,0.09522
157,0.06169,,226,0.05991,,159,0.05705,,193,0.0765,,96,0.10015,,272,0.09508
165,0.06159,,241,0.05966,,151,0.05701,,1118,0.07641,,68,0.10007,,298,0.09478
168,0.06146,,242,0.05957,,160,0.05587,,195,0.07604,,90,0.09999,,301,0.09453
167,0.06132,,239,0.05945,,853,0.05586,,168,0.07598,,83,0.09986,,227,0.0943
169,0.06117,,238,0.05945,,848,0.05573,,192,0.07561,,70,0.09981,,170,0.09427
203,0.06097,,148,0.05938,,149,0.0556,,175,0.07561,,89,0.09969,,226,0.09377
202,0.06078,,235,0.05923,,5,0.05559,,176,0.07553,,73,0.09965,,225,0.09377
216,0.06058,,146,0.05923,,161,0.05539,,172,0.07551,,81,0.09955,,169,0.09374
146,0.06054,,240,0.05914,,855,0.05533,,170,0.07521,,88,0.09939,,171,0.09373
204,0.0605,,205,0.05889,,150,0.05531,,174,0.0752,,85,0.09937,,302,0.09362
200,0.06011,,156,0.05886,,957,0.05523,,169,0.07507,,75,0.09932,,172,0.09319
220,0.05986,,227,0.05879,,751,0.05518,,171,0.0746,,72,0.09917,,299,0.09318
147,0.0598,,243,0.05875,,701,0.05501,,253,0.07378,,86,0.09913,,281,0.09299
213,0.0598,,236,0.05866,,852,0.05497,,173,0.07367,,79,0.09899,,276,0.09295
224,0.05929,,155,0.05846,,851,0.05497,,177,0.07321,,71,0.0988,,295,0.09257
212,0.05924,,210,0.05846,,858,0.05496,,178,0.07255,,69,0.09873,,277,0.09217
201,0.05902,,219,0.05845,,753,0.05495,,982,0.07183,,61,0.09872,,174,0.09211
214,0.0589,,209,0.05817,,860,0.05482,,183,0.07172,,77,0.09865,,283,0.09207
223,0.05884,,206,0.058,,752,0.05477,,182,0.07134,,63,0.09826,,173,0.09202
209,0.05869,,207,0.05777,,850,0.05468,,186,0.07094,,87,0.09785,,278,0.0918
219,0.05868,,221,0.05766,,846,0.05456,,187,0.07089,,62,0.09775,,300,0.0918
211,0.05812,,151,0.05736,,148,0.05452,,184,0.07086,,76,0.09753,,296,0.09171
208,0.05794,,208,0.05727,,749,0.05434,,180,0.07073,,67,0.09747,,297,0.09165
206,0.05791,,234,0.05712,,162,0.05428,,185,0.0706,,65,0.09683,,294,0.09151
228,0.05779,,153,0.05701,,859,0.05422,,189,0.07052,,66,0.0967,,280,0.09141
218,0.05755,,230,0.05697,,857,0.05419,,188,0.07047,,78,0.09611,,282,0.09126
229,0.05735,,231,0.05662,,780,0.05409,,181,0.07046,,677,0.09575,,219,0.09122
221,0.05727,,259,0.05657,,849,0.05404,,191,0.07028,,258,0.09549,,224,0.09108
207,0.05719,,163,0.05645,,854,0.05403,,179,0.06997,,80,0.09391,,220,0.09099
226,0.05718,,158,0.05604,,861,0.05393,,716,0.06828,,138,0.09256,,218,0.09099
225,0.05717,,229,0.05597,,856,0.0538,,677,0.06783,,260,0.09229,,1252,0.09059
227,0.05701,,232,0.05597,,164,0.05379,,211,0.06772,,64,0.09212,,279,0.09056
205,0.057,,212,0.05541,,769,0.05375,,275,0.06654,,60,0.09157,,175,0.09046
231,0.05697,,233,0.05539,,733,0.05353,,276,0.06614,,59,0.09122,,306,0.0903
176,0.0569,,217,0.05511,,153,0.05329,,274,0.06606,,259,0.0907,,321,0.08999
174,0.05684,,215,0.05428,,956,0.0531,,210,0.06598,,139,0.09068,,223,0.08994
230,0.05684,,261,0.05422,,750,0.05307,,217,0.06586,,261,0.0883,,319,0.08964
210,0.05677,,166,0.05419,,748,0.05302,,209,0.06584,,140,0.08585,,176,0.08963
232,0.05671,,165,0.05417,,747,0.05297,,196,0.06579,,142,0.08584,,284,0.08955
184,0.05641,,211,0.05377,,734,0.05296,,273,0.06552,,58,0.08565,,304,0.08912
199,0.05612,,216,0.05374,,163,0.05272,,212,0.06536,,141,0.08538,,303,0.08904
233,0.05594,,164,0.05339,,165,0.05267,,278,0.06535,,57,0.0848,,221,0.0889
180,0.05575,,157,0.05332,,955,0.05258,,277,0.06516,,263,0.08274,,200,0.08882
175,0.05566,,257,0.0533,,736,0.05254,,214,0.06513,,262,0.0825,,201,0.08878
179,0.05555,,167,0.05291,,847,0.05251,,279,0.06504,,264,0.08143,,216,0.08864
182,0.05547,,1252,0.05261,,960,0.05249,,197,0.06498,,143,0.08124,,215,0.08863
196,0.05534,,260,0.05251,,737,0.0524,,213,0.06493,,265,0.08014,,287,0.08849
197,0.05512,,161,0.05173,,738,0.0524,,13,0.06485,,267,0.08014,,199,0.08833
181,0.05506,,160,0.05173,,959,0.0522,,221,0.06419,,237,0.07957,,202,0.08819
183,0.055,,262,0.05169,,740,0.05218,,701,0.06411,,266,0.07943,,217,0.0881
262,0.05455,,159,0.05154,,845,0.05209,,223,0.06409,,235,0.07941,,152,0.08755
172,0.05453,,263,0.05145,,166,0.05207,,271,0.06407,,268,0.07927,,307,0.08711
185,0.05438,,214,0.05142,,953,0.05203,,219,0.06387,,236,0.07885,,198,0.08705
177,0.05407,,687,0.05074,,730,0.05169,,270,0.06385,,158,0.07877,,305,0.0866
188,0.05402,,162,0.05072,,735,0.05159,,280,0.06339,,240,0.07874,,196,0.08659
186,0.05379,,746,0.05066,,167,0.05157,,216,0.06331,,269,0.07863,,214,0.08658
191,0.05374,,720,0.05062,,731,0.05101,,220,0.06328,,239,0.07823,,197,0.08657
170,0.05371,,745,0.05055,,755,0.05082,,289,0.06308,,238,0.07823,,203,0.08656
193,0.05332,,967,0.05011,,954,0.0508,,303,0.06304,,271,0.07754,,205,0.08645
198,0.05322,,169,0.05005,,1023,0.0508,,269,0.06302,,241,0.07713,,209,0.08643
192,0.05312,,305,0.04992,,958,0.05075,,309,0.063,,270,0.07659,,177,0.08641
178,0.05299,,303,0.0498,,742,0.05063,,291,0.06294,,157,0.076,,180,0.08616
195,0.05299,,182,0.0498,,741,0.05043,,268,0.06277,,242,0.07584,,178,0.086
235,0.0529,,154,0.04976,,754,0.0504,,293,0.06273,,56,0.07526,,179,0.08592
187,0.05288,,756,0.04964,,746,0.0503,,230,0.06245,,273,0.07483,,193,0.08591
236,0.05278,,966,0.04962,,843,0.05027,,267,0.06237,,296,0.07482,,212,0.08589
171,0.05268,,264,0.04962,,743,0.05015,,302,0.06233,,243,0.07466,,308,0.08585
194,0.05264,,204,0.04961,,739,0.05,,266,0.06212,,295,0.07465,,204,0.08576
234,0.05232,,302,0.04959,,729,0.04994,,281,0.0621,,320,0.07442,,285,0.08541
189,0.05215,,758,0.04948,,727,0.04982,,235,0.06208,,272,0.0739,,206,0.08533
278,0.05196,,313,0.04941,,720,0.04964,,236,0.062,,274,0.07367,,210,0.08533
237,0.05135,,172,0.04941,,726,0.04955,,233,0.06191,,160,0.07348,,293,0.08524
277,0.05122,,47,0.04938,,702,0.04944,,283,0.06185,,275,0.07304,,208,0.08502
242,0.05111,,319,0.04935,,717,0.0493,,301,0.0618,,294,0.07284,,317,0.08496
279,0.05107,,301,0.04935,,195,0.04929,,304,0.06179,,159,0.07261,,195,0.08494
281,0.05106,,744,0.04923,,757,0.04923,,290,0.06174,,232,0.07259,,194,0.08478
261,0.05089,,968,0.04919,,194,0.0492,,284,0.06172,,55,0.07212,,315,0.08461
263,0.05074,,308,0.04918,,756,0.0492,,288,0.06167,,281,0.0721,,286,0.08458
243,0.05057,,749,0.04918,,711,0.04919,,292,0.06166,,161,0.07198,,184,0.08443
272,0.05043,,168,0.04917,,722,0.04918,,317,0.06152,,276,0.07186,,183,0.08443
268,0.05029,,307,0.04917,,804,0.04912,,312,0.0615,,283,0.07185,,318,0.08412
282,0.05008,,860,0.04915,,992,0.04899,,307,0.06149,,297,0.07182,,207,0.084
267,0.0497,,202,0.04915,,721,0.04898,,224,0.06146,,282,0.07149,,316,0.084
280,0.04953,,177,0.04909,,192,0.04894,,310,0.06144,,280,0.07145,,310,0.08384
241,0.04941,,266,0.04903,,703,0.0489,,300,0.06143,,302,0.07142,,192,0.08362
269,0.04935,,312,0.04903,,963,0.04886,,305,0.06142,,226,0.07136,,190,0.08362
276,0.04926,,304,0.04902,,698,0.04885,,227,0.06142,,230,0.07131,,211,0.0836
275,0.04926,,847,0.04902,,844,0.04883,,314,0.0614,,234,0.07116,,291,0.08342
260,0.04919,,286,0.049,,1016,0.04882,,265,0.0614,,301,0.07104,,213,0.08323
264,0.04911,,757,0.04895,,961,0.04881,,282,0.06134,,277,0.07104,,68,0.08297
266,0.04857,,1258,0.04893,,1010,0.0488,,313,0.06132,,278,0.07103,,309,0.08287
239,0.04853,,949,0.0489,,1011,0.0488,,316,0.06124,,231,0.071,,187,0.08249
271,0.04834,,748,0.04886,,718,0.04877,,243,0.0611,,162,0.07097,,311,0.08218
270,0.04829,,191,0.04885,,712,0.04877,,231,0.06108,,167,0.07096,,292,0.08196
265,0.04825,,265,0.04883,,724,0.0486,,228,0.06107,,228,0.07095,,191,0.08161
238,0.04824,,184,0.04878,,802,0.04859,,226,0.06103,,306,0.07094,,314,0.08146
240,0.04819,,198,0.04877,,803,0.04858,,295,0.06102,,279,0.07093,,186,0.0813
283,0.04814,,755,0.04876,,704,0.04858,,477,0.06095,,229,0.07092,,312,0.0809
274,0.04803,,254,0.04872,,728,0.04855,,237,0.06092,,298,0.07083,,185,0.08082
320,0.04784,,306,0.04866,,706,0.04851,,264,0.06091,,287,0.07051,,189,0.08012
273,0.0475,,841,0.04866,,1009,0.04845,,306,0.06082,,300,0.07049,,188,0.08012
284,0.04719,,297,0.04861,,705,0.0484,,294,0.06078,,227,0.07042,,313,0.08006
319,0.04667,,298,0.04861,,708,0.04839,,198,0.0607,,233,0.07042,,182,0.08005
19,0.0463,,957,0.04859,,688,0.04837,,308,0.06069,,284,0.07037,,677,0.07997
288,0.04589,,842,0.04858,,725,0.04837,,225,0.06066,,166,0.07036,,118,0.07895
285,0.04569,,743,0.04857,,800,0.04836,,298,0.06064,,299,0.0702,,69,0.0789
259,0.04555,,855,0.04851,,962,0.0483,,242,0.06064,,165,0.06985,,125,0.07888
297,0.04532,,850,0.04851,,801,0.04829,,285,0.06063,,53,0.06984,,114,0.07876
289,0.04511,,848,0.04851,,809,0.04815,,311,0.06061,,225,0.0698,,116,0.07876
308,0.04504,,1016,0.0485,,799,0.04814,,315,0.0606,,164,0.06966,,122,0.07865
290,0.04493,,844,0.04842,,1022,0.04807,,297,0.06056,,319,0.06952,,156,0.07849
309,0.04457,,287,0.0484,,193,0.04806,,299,0.06049,,293,0.06943,,128,0.07847
286,0.04452,,196,0.04835,,813,0.04804,,234,0.06041,,321,0.06941,,129,0.07847
318,0.0445,,700,0.04833,,687,0.048,,286,0.06041,,163,0.06891,,119,0.07846
298,0.04449,,699,0.04833,,744,0.048,,218,0.0604,,285,0.06891,,120,0.07846
287,0.04446,,695,0.04828,,965,0.048,,232,0.06036,,303,0.06866,,121,0.07846
300,0.04406,,300,0.04827,,709,0.04791,,199,0.06022,,292,0.06857,,244,0.07834
307,0.04404,,854,0.04825,,700,0.0479,,229,0.06007,,223,0.06816,,70,0.07831
321,0.04391,,866,0.0482,,169,0.0479,,241,0.06002,,257,0.06807,,290,0.07826
299,0.04388,,201,0.04819,,719,0.04789,,296,0.05981,,1252,0.06803,,115,0.07823
520,0.04379,,843,0.04818,,805,0.04785,,287,0.05937,,304,0.06781,,112,0.07823
310,0.04344,,861,0.04817,,715,0.04784,,318,0.05918,,318,0.0678,,113,0.07823
314,0.04335,,51,0.04816,,699,0.04782,,208,0.05915,,308,0.06778,,1219,0.07817
150,0.04333,,867,0.04816,,1012,0.04779,,206,0.05909,,224,0.06776,,132,0.07811
322,0.04314,,864,0.04815,,810,0.04769,,207,0.05883,,307,0.06768,,117,0.07807
305,0.04312,,868,0.0481,,168,0.04766,,239,0.05848,,286,0.06752,,123,0.07799
478,0.04312,,694,0.0481,,710,0.04758,,205,0.05835,,305,0.06749,,127,0.07793
149,0.043,,183,0.04809,,693,0.04755,,204,0.05824,,317,0.06742,,126,0.07793
306,0.04286,,299,0.04807,,1013,0.04753,,320,0.05821,,54,0.06738,,131,0.07774
304,0.04277,,189,0.04803,,1021,0.04752,,215,0.05819,,219,0.06695,,288,0.07743
317,0.04261,,285,0.04798,,684,0.0475,,240,0.05802,,220,0.06679,,133,0.0774
291,0.0426,,311,0.04797,,745,0.04749,,203,0.0574,,221,0.06623,,135,0.07733
301,0.04259,,965,0.04789,,714,0.04745,,238,0.05735,,316,0.06619,,111,0.07684
311,0.04257,,963,0.04789,,707,0.04745,,263,0.0572,,52,0.06605,,134,0.07671
302,0.04247,,284,0.04789,,1005,0.04743,,1163,0.05709,,218,0.0659,,254,0.07671
148,0.04247,,951,0.04788,,1004,0.04743,,202,0.0565,,309,0.06582,,130,0.07652
316,0.04233,,858,0.04787,,697,0.04741,,200,0.05635,,311,0.06558,,124,0.07641
312,0.04224,,48,0.04786,,696,0.04741,,479,0.05615,,169,0.06542,,289,0.07613
303,0.04215,,1023,0.04785,,1003,0.0474,,319,0.05599,,315,0.06532,,136,0.07563
293,0.04213,,1022,0.04785,,1008,0.0474,,201,0.05587,,168,0.06496,,109,0.07515
315,0.04208,,1017,0.04785,,797,0.04738,,1167,0.05464,,312,0.06496,,110,0.07477
296,0.04166,,1015,0.04785,,1006,0.04738,,482,0.05395,,291,0.06495,,103,0.07471
313,0.04149,,1014,0.04785,,1014,0.04728,,486,0.05391,,171,0.06482,,104,0.07471
292,0.04129,,1013,0.04785,,1015,0.04728,,5,0.05366,,256,0.06473,,85,0.07438
295,0.04128,,705,0.04783,,1019,0.04727,,472,0.05358,,217,0.06462,,82,0.07438
294,0.04034,,703,0.04783,,1018,0.04727,,468,0.05351,,170,0.06459,,106,0.07418
258,0.03972,,696,0.04782,,806,0.04726,,480,0.0535,,313,0.06401,,99,0.07397
371,0.03912,,693,0.04782,,692,0.04723,,483,0.05342,,172,0.06394,,155,0.07382
173,0.03889,,692,0.04782,,808,0.04722,,481,0.05325,,215,0.06367,,86,0.07364
448,0.03814,,859,0.04782,,759,0.04718,,485,0.05312,,174,0.06357,,81,0.0736
369,0.03793,,203,0.04778,,713,0.04717,,476,0.05307,,173,0.06355,,105,0.07351
257,0.0375,,1012,0.04777,,795,0.04706,,471,0.05302,,310,0.06314,,101,0.0735
370,0.03734,,689,0.04776,,798,0.04705,,487,0.05295,,175,0.0631,,84,0.07346
446,0.03716,,741,0.04775,,686,0.04703,,473,0.05245,,314,0.0631,,100,0.07333
494,0.03706,,742,0.04775,,758,0.04701,,458,0.05228,,255,0.06304,,92,0.07321
449,0.03702,,851,0.04773,,1017,0.04698,,517,0.05227,,290,0.06271,,83,0.07314
447,0.03699,,849,0.04773,,170,0.04697,,470,0.0522,,216,0.06268,,108,0.07312
372,0.03666,,181,0.04772,,964,0.04695,,469,0.05207,,206,0.06264,,102,0.07297
374,0.03653,,320,0.04769,,477,0.04694,,321,0.05194,,214,0.06256,,88,0.07295
28,0.03628,,738,0.04769,,1001,0.04689,,467,0.05183,,205,0.06228,,137,0.07285
614,0.03617,,185,0.04767,,1002,0.04689,,475,0.05169,,288,0.06161,,91,0.07275
25,0.03615,,750,0.04766,,685,0.04686,,474,0.05157,,209,0.06154,,96,0.07273
23,0.03614,,863,0.04765,,1007,0.04685,,493,0.05151,,212,0.06126,,97,0.07273
373,0.03611,,862,0.04765,,815,0.04684,,494,0.0515,,176,0.06125,,89,0.07264
675,0.03575,,964,0.04765,,990,0.0468,,492,0.05144,,210,0.06113,,94,0.07246
376,0.03536,,950,0.04764,,171,0.0468,,491,0.05136,,289,0.06084,,107,0.07243
24,0.03474,,710,0.04764,,811,0.04676,,456,0.05135,,202,0.06061,,66,0.07242
364,0.03464,,199,0.04764,,174,0.04673,,466,0.05121,,177,0.06061,,87,0.07238
769,0.0345,,840,0.0476,,690,0.04672,,518,0.05112,,208,0.06051,,95,0.07236
1072,0.0345,,952,0.04756,,871,0.04666,,465,0.05111,,211,0.06034,,90,0.07233
375,0.03444,,1019,0.04752,,694,0.04665,,488,0.05094,,183,0.06002,,79,0.07232
15,0.03444,,1024,0.04752,,695,0.04665,,457,0.05093,,207,0.05982,,65,0.07226
363,0.03442,,708,0.04751,,816,0.04663,,450,0.05031,,180,0.05973,,61,0.072
323,0.03435,,707,0.04751,,817,0.04662,,461,0.05019,,200,0.05946,,63,0.072
361,0.03414,,715,0.04751,,993,0.04657,,495,0.05015,,201,0.05939,,93,0.07198
32,0.03411,,751,0.04747,,732,0.0465,,451,0.0501,,199,0.05938,,62,0.07169
362,0.03402,,962,0.04746,,997,0.0465,,490,0.05007,,156,0.05918,,74,0.07142
16,0.03392,,865,0.04746,,998,0.04649,,489,0.05002,,178,0.05918,,78,0.07135
256,0.03391,,734,0.04743,,991,0.04641,,454,0.05001,,196,0.05905,,71,0.07128
365,0.03386,,729,0.04743,,1024,0.04639,,453,0.05,,204,0.05903,,67,0.07103
29,0.03378,,727,0.04743,,814,0.04639,,460,0.04999,,203,0.05903,,77,0.07095
368,0.03378,,730,0.04743,,1000,0.04637,,459,0.04999,,179,0.05898,,72,0.07094
30,0.03364,,726,0.04743,,1020,0.04634,,463,0.04961,,184,0.05892,,246,0.07063
22,0.03355,,733,0.04743,,807,0.04631,,449,0.04937,,193,0.05875,,75,0.07001
445,0.03351,,728,0.04743,,865,0.04621,,455,0.04927,,197,0.05831,,76,0.06998
31,0.0335,,711,0.04736,,691,0.04621,,464,0.0492,,198,0.05823,,252,0.06995
450,0.0334,,283,0.04735,,819,0.0462,,497,0.04881,,194,0.0579,,250,0.06995
360,0.03306,,315,0.04734,,987,0.04619,,519,0.04867,,191,0.05789,,73,0.06943
6,0.03301,,697,0.04731,,985,0.04619,,515,0.04864,,190,0.05781,,138,0.0694
367,0.033,,996,0.04729,,986,0.04619,,514,0.04863,,155,0.05763,,247,0.06928
17,0.03297,,971,0.04728,,988,0.04619,,516,0.04822,,192,0.05753,,253,0.06927
325,0.03295,,197,0.04727,,989,0.04619,,448,0.048,,195,0.05749,,245,0.06926
21,0.03294,,271,0.04726,,983,0.04616,,498,0.04767,,182,0.05701,,249,0.06797
780,0.03274,,698,0.04724,,996,0.04612,,262,0.04759,,732,0.05676,,248,0.06792
324,0.03272,,291,0.04723,,1025,0.04607,,496,0.04758,,189,0.05598,,80,0.06743
859,0.03258,,918,0.04723,,984,0.04604,,499,0.04735,,213,0.0559,,251,0.06727
771,0.03249,,274,0.04723,,820,0.04594,,462,0.04714,,188,0.05578,,64,0.06709
498,0.03218,,852,0.04722,,796,0.04589,,447,0.0471,,185,0.05559,,181,0.06683
773,0.03203,,1000,0.04721,,272,0.04585,,513,0.04681,,186,0.05548,,154,0.06673
775,0.03197,,255,0.04719,,818,0.04585,,500,0.04659,,187,0.05488,,59,0.06669
497,0.03185,,736,0.04718,,999,0.04584,,510,0.04656,,181,0.05462,,60,0.06594
366,0.0317,,719,0.04718,,1026,0.04581,,512,0.04624,,1228,0.05269,,139,0.06538
774,0.03169,,722,0.04718,,868,0.04563,,272,0.0461,,254,0.05267,,58,0.06451
1260,0.03169,,717,0.04718,,968,0.04556,,502,0.04598,,154,0.05214,,153,0.06204
451,0.03157,,714,0.04718,,864,0.0455,,509,0.04597,,244,0.05081,,57,0.06158
255,0.0315,,718,0.04718,,867,0.04548,,445,0.04593,,995,0.05063,,141,0.06102
776,0.03136,,721,0.04718,,863,0.04536,,507,0.04577,,994,0.05063,,140,0.05971
994,0.03127,,737,0.04718,,862,0.04536,,260,0.04541,,253,0.04989,,142,0.05961
8,0.03127,,712,0.04718,,947,0.04529,,446,0.04533,,153,0.04985,,143,0.05858
9,0.03126,,735,0.04718,,966,0.04528,,504,0.0453,,250,0.04884,,56,0.05848
772,0.03123,,709,0.04718,,172,0.04519,,508,0.04522,,770,0.04862,,632,0.05835
995,0.03108,,691,0.04717,,175,0.04518,,505,0.04513,,776,0.04847,,1140,0.05799
845,0.03099,,1021,0.04715,,789,0.04515,,511,0.04508,,769,0.04839,,54,0.05765
27,0.03091,,253,0.04715,,683,0.04509,,957,0.04508,,245,0.04829,,55,0.05714
4,0.03091,,273,0.04715,,869,0.04509,,261,0.04505,,772,0.04825,,53,0.05668
35,0.0309,,845,0.04712,,842,0.04492,,503,0.04504,,773,0.04825,,151,0.05653
33,0.03083,,853,0.04711,,948,0.04489,,520,0.04444,,247,0.04821,,444,0.05499
458,0.0308,,857,0.04711,,689,0.04488,,522,0.044,,249,0.0482,,443,0.05337
47,0.03072,,960,0.04709,,841,0.0448,,1263,0.04355,,775,0.04808,,52,0.05161
496,0.03053,,956,0.04709,,812,0.04479,,506,0.04296,,1219,0.04807,,1124,0.05142
457,0.03052,,192,0.04707,,788,0.04472,,521,0.04285,,246,0.04789,,822,0.05008
754,0.03045,,267,0.04704,,761,0.04471,,259,0.04232,,248,0.04772,,999,0.04977
454,0.03045,,990,0.04704,,840,0.04466,,252,0.04205,,774,0.04771,,688,0.04749
34,0.03041,,989,0.04704,,787,0.04463,,254,0.03907,,251,0.04764,,735,0.04733
7,0.03038,,991,0.04704,,782,0.04459,,322,0.03805,,252,0.04717,,765,0.04701
517,0.03037,,992,0.04704,,949,0.04457,,250,0.03778,,771,0.04602,,524,0.04611
244,0.03037,,314,0.04704,,951,0.04456,,251,0.03767,,151,0.04541,,405,0.04578
407,0.03036,,175,0.04702,,866,0.04452,,1214,0.03723,,688,0.04526,,409,0.04567
495,0.03035,,753,0.04697,,1029,0.04448,,258,0.03681,,1124,0.04435,,410,0.04567
499,0.03028,,997,0.04696,,946,0.04438,,936,0.03634,,966,0.0441,,442,0.04563
406,0.0302,,998,0.04696,,778,0.04434,,331,0.03628,,1140,0.04345,,406,0.04557
249,0.03019,,993,0.04696,,783,0.04421,,246,0.0345,,967,0.0434,,407,0.04557
51,0.03017,,999,0.04696,,1030,0.04415,,247,0.03363,,965,0.04313,,408,0.04536
891,0.03017,,272,0.04694,,1032,0.04408,,688,0.03361,,720,0.04302,,698,0.04534
403,0.03012,,978,0.04686,,952,0.04402,,1069,0.03359,,968,0.0429,,403,0.04517
455,0.03012,,980,0.04686,,794,0.044,,523,0.03345,,324,0.04287,,404,0.04517
247,0.03011,,277,0.04686,,834,0.04398,,328,0.03324,,972,0.0416,,402,0.04517
10,0.03009,,194,0.04686,,785,0.04398,,323,0.03317,,1002,0.04154,,397,0.04499
489,0.03008,,889,0.04686,,760,0.04398,,329,0.03302,,1001,0.04154,,396,0.04499
46,0.03007,,288,0.04685,,1028,0.04394,,332,0.03291,,753,0.04154,,395,0.0449
770,0.03006,,959,0.04685,,870,0.04394,,248,0.03279,,859,0.04153,,399,0.0445
519,0.03003,,958,0.04685,,786,0.04394,,249,0.03276,,1009,0.04146,,398,0.04437
897,0.03001,,289,0.04678,,821,0.04388,,244,0.032,,751,0.04145,,412,0.04437
756,0.02998,,739,0.04674,,872,0.04388,,330,0.03192,,964,0.04129,,393,0.0443
518,0.02985,,759,0.04673,,967,0.04387,,341,0.03164,,987,0.04122,,394,0.0443
252,0.02978,,725,0.04672,,176,0.04386,,325,0.03139,,986,0.04122,,400,0.04417
45,0.02973,,724,0.04672,,1031,0.04385,,257,0.03133,,976,0.0411,,392,0.0441
490,0.02973,,974,0.0467,,196,0.04384,,379,0.03133,,975,0.0411,,411,0.0439
1177,0.02971,,890,0.04668,,183,0.0438,,440,0.03121,,970,0.0411,,1228,0.04344
936,0.02969,,894,0.04668,,791,0.04379,,344,0.0311,,973,0.0411,,401,0.04298
3,0.02966,,856,0.04667,,835,0.04372,,245,0.03101,,974,0.0411,,325,0.04177
888,0.02962,,869,0.04666,,824,0.04372,,383,0.03084,,969,0.04102,,324,0.04151
841,0.0296,,954,0.04664,,781,0.0437,,441,0.03039,,325,0.04097,,327,0.04089
2,0.02958,,955,0.04664,,790,0.04368,,760,0.03034,,842,0.0409,,326,0.04086
516,0.02957,,1011,0.04663,,977,0.04368,,791,0.03024,,861,0.04085,,5,0.04045
502,0.02956,,987,0.04661,,179,0.04359,,326,0.03023,,984,0.04081,,419,0.04044
404,0.02956,,988,0.04661,,177,0.04355,,255,0.03013,,983,0.04081,,418,0.04031
405,0.02956,,984,0.04661,,777,0.04354,,362,0.02999,,992,0.04081,,30,0.04005
761,0.02951,,186,0.04661,,873,0.04353,,361,0.02999,,991,0.04081,,374,0.03981
456,0.0295,,898,0.0466,,927,0.04343,,380,0.0298,,51,0.04072,,375,0.03962
248,0.0295,,897,0.0466,,928,0.04343,,327,0.0298,,849,0.04069,,370,0.03958
509,0.02949,,1008,0.04658,,793,0.04338,,795,0.02971,,851,0.04069,,369,0.03958
755,0.02947,,244,0.04654,,945,0.04337,,1072,0.0297,,850,0.04069,,416,0.03958
898,0.02947,,891,0.04654,,944,0.04336,,376,0.02965,,957,0.04064,,417,0.03958
896,0.02946,,269,0.04653,,784,0.04334,,324,0.02963,,978,0.0406,,323,0.03951
492,0.02946,,310,0.04653,,875,0.04327,,371,0.0296,,977,0.0406,,821,0.0394
485,0.02943,,180,0.04649,,723,0.04327,,370,0.02958,,989,0.04056,,368,0.03938
758,0.02938,,983,0.04647,,907,0.04326,,385,0.02948,,985,0.04056,,372,0.03921
890,0.02938,,713,0.04647,,825,0.04324,,1052,0.02947,,702,0.04055,,376,0.03915
500,0.02936,,970,0.04645,,874,0.04323,,761,0.02943,,1010,0.04055,,380,0.03902
757,0.02933,,193,0.04644,,829,0.04323,,372,0.02941,,920,0.04054,,371,0.03896
459,0.02927,,268,0.04643,,262,0.04312,,381,0.0293,,993,0.04052,,378,0.03896
386,0.02926,,1001,0.04641,,830,0.04311,,924,0.02927,,1003,0.04052,,377,0.03896
760,0.02926,,686,0.0464,,823,0.0431,,333,0.02918,,736,0.04049,,379,0.03896
919,0.02926,,276,0.04638,,828,0.04309,,334,0.02918,,858,0.04047,,148,0.03859
892,0.02926,,901,0.04635,,243,0.04309,,799,0.02909,,755,0.04037,,979,0.03842
840,0.02925,,902,0.04635,,910,0.04307,,800,0.02901,,990,0.04033,,778,0.03841
852,0.0292,,275,0.04633,,981,0.04303,,789,0.02895,,962,0.04031,,760,0.03831
856,0.0292,,981,0.04632,,883,0.04302,,444,0.02893,,733,0.04031,,823,0.03826
512,0.0292,,912,0.04631,,826,0.04302,,797,0.02892,,716,0.0403,,441,0.03814
453,0.02916,,917,0.04631,,191,0.04301,,373,0.02877,,756,0.04021,,820,0.03799
853,0.02915,,187,0.04631,,884,0.043,,793,0.02874,,998,0.04019,,745,0.03769
43,0.02913,,176,0.0463,,180,0.04299,,792,0.02868,,997,0.04019,,744,0.03769
254,0.02912,,256,0.04628,,909,0.04299,,798,0.02856,,996,0.04019,,373,0.03769
493,0.02905,,317,0.04627,,904,0.04294,,386,0.02846,,730,0.04016,,1191,0.03746
48,0.02904,,747,0.04627,,833,0.0429,,992,0.02841,,731,0.04016,,381,0.03727
44,0.02902,,290,0.04626,,827,0.04289,,1140,0.02837,,988,0.04014,,932,0.03709
762,0.02902,,946,0.04626,,762,0.04285,,528,0.02831,,980,0.04014,,383,0.03693
895,0.02902,,270,0.04621,,978,0.04281,,790,0.0282,,982,0.04014,,813,0.0369
894,0.02902,,979,0.0462,,980,0.04281,,337,0.02812,,959,0.04011,,815,0.0369
766,0.029,,977,0.0462,,906,0.0428,,794,0.02809,,960,0.04011,,728,0.03679
488,0.02896,,888,0.04618,,894,0.04279,,780,0.02796,,955,0.04011,,386,0.03678
899,0.02896,,887,0.04618,,876,0.04277,,335,0.02796,,1012,0.04007,,390,0.03678
851,0.02894,,886,0.04618,,485,0.04277,,387,0.02795,,1006,0.04005,,391,0.0366
768,0.02893,,900,0.04618,,822,0.04272,,384,0.02785,,862,0.04003,,1117,0.03657
955,0.02893,,178,0.04617,,878,0.04272,,368,0.02782,,1011,0.04003,,746,0.03647
759,0.02891,,1002,0.04615,,779,0.04268,,365,0.02781,,1004,0.04003,,653,0.03639
387,0.0289,,1003,0.04615,,832,0.04264,,786,0.0278,,919,0.04001,,814,0.03633
491,0.0289,,919,0.04615,,197,0.04262,,801,0.02778,,951,0.03998,,420,0.0362
855,0.02886,,1006,0.04614,,891,0.0426,,339,0.02778,,718,0.03993,,384,0.03614
765,0.02886,,704,0.04614,,877,0.04256,,759,0.02778,,737,0.03993,,382,0.03605
901,0.02879,,318,0.04613,,933,0.04245,,340,0.02777,,738,0.03993,,365,0.03605
510,0.02879,,911,0.04612,,792,0.04245,,1023,0.02769,,844,0.03992,,366,0.03605
910,0.02877,,1010,0.04608,,178,0.04244,,375,0.02769,,848,0.03989,,761,0.03598
380,0.02875,,1009,0.04608,,922,0.04243,,758,0.02767,,727,0.03989,,385,0.0359
486,0.02875,,973,0.04607,,881,0.04242,,378,0.02763,,856,0.03986,,387,0.0359
893,0.02875,,953,0.04606,,903,0.04242,,336,0.02754,,1000,0.03986,,388,0.0359
948,0.02868,,309,0.04606,,905,0.04239,,785,0.02753,,971,0.03985,,367,0.03581
37,0.02867,,282,0.04605,,242,0.04234,,369,0.0275,,632,0.03985,,322,0.03578
409,0.02867,,972,0.04605,,929,0.04229,,363,0.02749,,322,0.03985,,816,0.03567
381,0.02866,,200,0.04603,,483,0.04229,,342,0.02745,,723,0.03983,,819,0.03566
383,0.02866,,846,0.04602,,908,0.04222,,367,0.02744,,937,0.0398,,811,0.03564
1078,0.02865,,905,0.046,,217,0.04218,,787,0.02744,,963,0.0398,,930,0.03553
508,0.02862,,195,0.04599,,930,0.04216,,788,0.02743,,954,0.0398,,807,0.03535
463,0.02859,,690,0.04597,,895,0.04215,,1057,0.02737,,750,0.03978,,1264,0.03534
50,0.02856,,985,0.04594,,973,0.04215,,382,0.02732,,734,0.03973,,389,0.0353
41,0.02852,,986,0.04594,,831,0.04213,,374,0.02716,,1008,0.03972,,841,0.03508
907,0.0285,,321,0.04593,,899,0.04212,,256,0.02714,,741,0.0397,,840,0.03507
246,0.02848,,904,0.04593,,185,0.0421,,366,0.02707,,869,0.03968,,364,0.03453
385,0.02844,,913,0.04589,,934,0.04208,,845,0.02705,,917,0.03967,,812,0.03442
379,0.02844,,879,0.04587,,931,0.04207,,45,0.027,,916,0.03967,,810,0.03441
889,0.02844,,883,0.04587,,888,0.04207,,774,0.027,,918,0.03965,,818,0.03429
763,0.02843,,893,0.04585,,974,0.042,,6,0.02698,,145,0.03962,,788,0.03426
36,0.0284,,278,0.04583,,240,0.04193,,804,0.02697,,852,0.03962,,808,0.03413
382,0.02839,,895,0.04583,,979,0.04192,,1060,0.02687,,697,0.03959,,771,0.03405
905,0.02839,,1004,0.04582,,182,0.0419,,377,0.02676,,699,0.03959,,879,0.03401
460,0.02838,,1005,0.04582,,181,0.04188,,526,0.02673,,323,0.03956,,831,0.03343
857,0.02838,,1007,0.04582,,221,0.04188,,802,0.02659,,1014,0.03953,,743,0.03334
847,0.02838,,916,0.0458,,975,0.04186,,735,0.02654,,949,0.03952,,817,0.03327
854,0.02838,,914,0.0458,,917,0.04183,,397,0.02647,,942,0.03948,,525,0.03324
764,0.02835,,975,0.0458,,926,0.04183,,396,0.02647,,717,0.03947,,1243,0.03324
887,0.02833,,754,0.04576,,923,0.04182,,442,0.02645,,933,0.03944,,785,0.03309
956,0.0283,,173,0.04574,,184,0.04181,,443,0.02644,,956,0.03942,,792,0.03307
886,0.02829,,945,0.04573,,938,0.04178,,781,0.02644,,743,0.03941,,804,0.03303
513,0.02828,,924,0.04571,,976,0.04177,,399,0.0264,,724,0.03939,,363,0.03302
839,0.02827,,872,0.04571,,882,0.04177,,840,0.0264,,944,0.03939,,414,0.033
838,0.02826,,925,0.04565,,836,0.04177,,816,0.02637,,745,0.03938,,626,0.03294
462,0.02825,,927,0.04565,,889,0.04176,,776,0.02636,,726,0.0393,,805,0.03288
846,0.02825,,969,0.0456,,886,0.04174,,345,0.02634,,739,0.03925,,413,0.03282
849,0.02824,,948,0.04556,,890,0.04174,,1058,0.02632,,931,0.03925,,415,0.03261
850,0.02824,,213,0.04553,,187,0.04165,,770,0.02631,,922,0.03924,,440,0.03249
521,0.02823,,252,0.04548,,880,0.04162,,775,0.0263,,923,0.03924,,764,0.03242
954,0.02823,,892,0.04547,,487,0.04155,,1059,0.02627,,1005,0.03922,,759,0.03226
1016,0.02822,,716,0.04543,,241,0.04153,,815,0.02627,,707,0.03921,,824,0.03215
917,0.02821,,899,0.04538,,896,0.04144,,400,0.02626,,742,0.03919,,786,0.03213
900,0.02821,,873,0.04538,,935,0.04142,,524,0.02621,,961,0.03919,,782,0.03213
928,0.02813,,930,0.04537,,482,0.04141,,783,0.02617,,854,0.03919,,356,0.03212
871,0.02812,,723,0.04537,,942,0.04139,,364,0.02609,,853,0.03919,,826,0.03205
767,0.02807,,921,0.04536,,902,0.04137,,764,0.02603,,855,0.03919,,806,0.0319
909,0.02806,,188,0.04535,,925,0.04135,,803,0.02602,,26,0.03918,,1246,0.03186
1,0.02806,,279,0.04535,,943,0.0413,,838,0.026,,939,0.03918,,825,0.03185
487,0.02805,,190,0.04534,,186,0.04128,,348,0.02596,,687,0.03918,,836,0.03184
746,0.02803,,316,0.0453,,970,0.04126,,784,0.02592,,915,0.03917,,835,0.03184
39,0.02801,,896,0.04527,,972,0.04126,,732,0.0259,,148,0.03916,,787,0.03176
949,0.028,,702,0.04524,,971,0.04126,,49,0.02576,,946,0.03912,,790,0.03176
958,0.02799,,915,0.04523,,885,0.04126,,796,0.02572,,144,0.03912,,789,0.03176
912,0.02799,,947,0.04518,,887,0.04123,,814,0.02569,,703,0.03911,,763,0.03169
14,0.02798,,50,0.04515,,919,0.04123,,401,0.02568,,929,0.03907,,1007,0.03158
511,0.02797,,1025,0.04514,,940,0.04121,,777,0.02568,,744,0.03906,,594,0.0313
514,0.02797,,876,0.04512,,893,0.04121,,48,0.0256,,712,0.03905,,776,0.03129
843,0.02794,,877,0.04512,,921,0.04118,,611,0.02559,,714,0.03905,,777,0.03129
908,0.02791,,926,0.04511,,939,0.04116,,610,0.02559,,700,0.03905,,775,0.03129
834,0.02791,,903,0.04509,,941,0.04112,,612,0.02559,,1013,0.03905,,748,0.03124
848,0.02789,,982,0.04507,,188,0.04104,,395,0.02553,,921,0.03905,,796,0.03119
42,0.02783,,1018,0.04507,,892,0.04103,,357,0.02551,,43,0.03902,,355,0.03109
925,0.02783,,685,0.04503,,918,0.04098,,390,0.02547,,729,0.03901,,940,0.03104
953,0.02783,,250,0.04502,,837,0.04093,,350,0.02546,,752,0.03899,,870,0.03101
326,0.02781,,706,0.04501,,309,0.04092,,8,0.02543,,749,0.03897,,346,0.03092
930,0.02781,,731,0.04501,,911,0.0409,,338,0.0254,,722,0.03896,,801,0.03087
440,0.0278,,907,0.045,,900,0.04088,,44,0.02533,,721,0.03896,,802,0.03087
918,0.02779,,906,0.045,,901,0.04083,,762,0.02532,,864,0.03895,,803,0.03087
916,0.02779,,909,0.04499,,912,0.04082,,388,0.02532,,934,0.03894,,832,0.03083
1023,0.02779,,870,0.04496,,915,0.04081,,782,0.02531,,935,0.03894,,830,0.03083
913,0.02776,,976,0.04489,,916,0.04081,,347,0.02531,,925,0.03892,,828,0.03083
744,0.02776,,281,0.04482,,486,0.0408,,9,0.02529,,868,0.03891,,798,0.03075
951,0.02773,,179,0.04481,,235,0.04078,,824,0.02525,,865,0.03889,,834,0.03073
906,0.02771,,944,0.04476,,969,0.04077,,817,0.02525,,1015,0.03889,,827,0.03072
902,0.0277,,882,0.04475,,897,0.04072,,939,0.02519,,686,0.03889,,833,0.03072
842,0.02769,,881,0.04475,,898,0.04072,,525,0.02519,,981,0.03885,,726,0.03061
915,0.02768,,878,0.0447,,223,0.04071,,772,0.02519,,940,0.03885,,795,0.03055
1017,0.02766,,875,0.0447,,224,0.04071,,779,0.02517,,725,0.03885,,794,0.03055
923,0.02764,,933,0.04469,,879,0.04069,,4,0.02516,,945,0.03881,,762,0.03053
745,0.02764,,761,0.0446,,201,0.04065,,1,0.02515,,847,0.03881,,672,0.03035
747,0.02763,,908,0.04458,,209,0.04058,,393,0.02515,,952,0.03879,,793,0.03032
835,0.02762,,280,0.04451,,481,0.04054,,394,0.02515,,948,0.03879,,576,0.0303
833,0.02761,,884,0.0445,,480,0.04046,,808,0.02508,,757,0.03875,,773,0.03027
515,0.0276,,1026,0.04449,,189,0.04041,,343,0.02508,,857,0.03872,,774,0.03027
959,0.02757,,885,0.04447,,212,0.04031,,773,0.02508,,924,0.03872,,772,0.03027
378,0.02754,,928,0.04446,,914,0.04031,,763,0.02503,,843,0.03867,,781,0.03013
836,0.02753,,923,0.04445,,913,0.04029,,355,0.02496,,706,0.03867,,526,0.03013
250,0.0275,,1020,0.04441,,763,0.04021,,723,0.02493,,719,0.03864,,791,0.03008
858,0.02749,,920,0.04436,,310,0.04018,,3,0.0249,,867,0.0386,,799,0.0299
947,0.02746,,931,0.04436,,238,0.04018,,358,0.02489,,838,0.03859,,943,0.02986
12,0.02741,,760,0.04427,,173,0.04015,,767,0.02487,,1018,0.03858,,768,0.02981
944,0.02736,,880,0.04422,,937,0.04009,,766,0.02487,,884,0.03857,,767,0.02981
931,0.02735,,934,0.0442,,200,0.04008,,841,0.02485,,1019,0.03854,,766,0.02981
11,0.02735,,838,0.04419,,920,0.04007,,806,0.02483,,1016,0.03854,,783,0.0297
461,0.02735,,245,0.04419,,219,0.04002,,439,0.02483,,1017,0.03854,,800,0.02961
914,0.02734,,839,0.04417,,932,0.04001,,818,0.02482,,909,0.03853,,829,0.02955
939,0.02733,,762,0.04416,,237,0.04,,413,0.02481,,1023,0.03853,,361,0.02947
40,0.02732,,871,0.04416,,210,0.0399,,807,0.02475,,1167,0.03853,,797,0.02939
1018,0.02731,,874,0.04416,,211,0.03984,,43,0.02475,,914,0.03849,,144,0.02934
402,0.02731,,937,0.04409,,468,0.03974,,10,0.02474,,711,0.03848,,742,0.02927
885,0.0273,,752,0.04408,,220,0.0397,,823,0.02466,,713,0.03848,,839,0.02919
911,0.02729,,910,0.04407,,214,0.03969,,2,0.02459,,696,0.03847,,1144,0.02916
704,0.02725,,740,0.04403,,203,0.03967,,11,0.02459,,690,0.03847,,837,0.02912
1025,0.02725,,922,0.04402,,230,0.03967,,398,0.02457,,693,0.03847,,779,0.0291
865,0.02723,,174,0.04395,,236,0.0396,,771,0.02454,,1025,0.03846,,780,0.0291
921,0.02723,,935,0.04383,,471,0.03951,,346,0.02454,,44,0.03845,,1244,0.02883
946,0.02722,,248,0.04378,,234,0.0395,,768,0.02449,,45,0.03845,,1245,0.02883
922,0.02721,,43,0.04375,,252,0.03948,,41,0.02447,,704,0.03836,,35,0.02849
960,0.0272,,821,0.04374,,202,0.03947,,811,0.02437,,695,0.03834,,357,0.02837
904,0.02714,,929,0.04373,,479,0.03944,,50,0.02436,,950,0.03834,,749,0.02836
752,0.02713,,941,0.04367,,491,0.03942,,813,0.0243,,689,0.03831,,809,0.02835
941,0.02709,,322,0.04365,,292,0.0394,,810,0.02419,,958,0.03831,,784,0.02832
465,0.02709,,1032,0.04356,,204,0.03933,,805,0.02418,,747,0.03829,,1071,0.02823
884,0.02708,,1031,0.04356,,215,0.03933,,46,0.02411,,926,0.03828,,1241,0.02819
937,0.02705,,1028,0.04356,,470,0.03933,,825,0.02411,,698,0.03827,,360,0.02814
507,0.02703,,1029,0.04356,,225,0.03933,,404,0.02408,,927,0.03827,,358,0.02811
926,0.02702,,46,0.04334,,239,0.03933,,349,0.02403,,928,0.03827,,941,0.02801
506,0.02701,,938,0.04332,,316,0.03929,,47,0.02403,,881,0.03827,,738,0.0279
950,0.027,,824,0.04329,,198,0.03928,,822,0.02396,,50,0.03826,,362,0.02789
377,0.027,,249,0.04321,,838,0.03925,,356,0.02393,,685,0.03824,,838,0.02779
844,0.02699,,942,0.04317,,233,0.03925,,12,0.02392,,684,0.03822,,770,0.02772
688,0.02697,,826,0.04316,,469,0.03923,,414,0.0239,,911,0.03822,,1242,0.02769
952,0.02696,,683,0.04314,,465,0.03923,,1111,0.02389,,910,0.03821,,942,0.02764
743,0.02696,,247,0.0431,,218,0.03915,,351,0.02382,,834,0.03813,,359,0.02749
934,0.02694,,701,0.04306,,205,0.0391,,809,0.02378,,863,0.0381,,669,0.0274
472,0.02693,,44,0.04306,,839,0.03909,,403,0.02372,,866,0.0381,,701,0.02731
862,0.02693,,45,0.04306,,284,0.03908,,359,0.0237,,407,0.0381,,968,0.02706
1014,0.02691,,246,0.04305,,216,0.03907,,389,0.02364,,709,0.03808,,50,0.02696
903,0.02691,,41,0.04299,,229,0.03902,,1110,0.02363,,710,0.03808,,967,0.02695
927,0.0269,,42,0.04297,,466,0.03894,,1108,0.02361,,29,0.03806,,769,0.02688
933,0.02683,,823,0.04295,,311,0.03893,,51,0.02359,,1030,0.03806,,1240,0.02681
832,0.02681,,940,0.04284,,764,0.03882,,821,0.02355,,708,0.03805,,881,0.02665
1028,0.0268,,825,0.04283,,213,0.03881,,360,0.02355,,913,0.03803,,1167,0.02658
867,0.02679,,251,0.0428,,228,0.03877,,42,0.02349,,883,0.03802,,731,0.02656
1015,0.02678,,837,0.04279,,226,0.03867,,826,0.02341,,1022,0.038,,747,0.02653
882,0.02674,,820,0.04273,,488,0.03864,,527,0.02338,,1026,0.03799,,741,0.02649
831,0.02674,,796,0.04263,,493,0.0386,,1232,0.02332,,1024,0.03799,,1195,0.02644
920,0.02673,,1030,0.04257,,280,0.03855,,31,0.02329,,845,0.03799,,6,0.02644
864,0.02666,,828,0.04256,,283,0.03847,,392,0.02322,,941,0.03797,,680,0.02638
357,0.02664,,829,0.04256,,490,0.03847,,738,0.02319,,42,0.0379,,147,0.0263
861,0.02661,,835,0.04251,,1072,0.03846,,819,0.02298,,886,0.0379,,758,0.02622
860,0.0266,,939,0.04251,,294,0.03845,,991,0.02296,,888,0.0379,,332,0.02621
877,0.02658,,768,0.04246,,293,0.03837,,765,0.02295,,907,0.03789,,652,0.02609
866,0.02658,,833,0.04229,,308,0.03832,,408,0.02292,,692,0.03789,,1078,0.02609
359,0.02656,,767,0.04213,,290,0.03831,,836,0.0229,,912,0.03787,,873,0.02603
1026,0.02655,,961,0.04211,,295,0.03829,,987,0.02287,,705,0.03786,,948,0.02597
1029,0.02653,,684,0.04211,,1140,0.03828,,1106,0.02285,,46,0.03786,,950,0.0259
1030,0.02653,,1027,0.04211,,232,0.03828,,23,0.02279,,943,0.03785,,335,0.02588
829,0.02652,,827,0.04205,,286,0.03828,,827,0.02277,,879,0.03784,,333,0.02588
1032,0.02651,,830,0.04195,,315,0.03821,,7,0.02277,,953,0.03782,,334,0.02588
821,0.02646,,831,0.04182,,285,0.03821,,1112,0.02277,,906,0.03781,,1204,0.02587
1022,0.02645,,808,0.04168,,288,0.0382,,354,0.02275,,904,0.03781,,683,0.02586
945,0.02644,,688,0.04165,,231,0.0382,,402,0.02274,,840,0.03776,,534,0.02585
466,0.02643,,932,0.04164,,768,0.03819,,778,0.02274,,895,0.03774,,665,0.02577
837,0.02643,,822,0.04162,,767,0.03819,,613,0.0227,,829,0.03773,,961,0.02575
935,0.02642,,766,0.04144,,467,0.03819,,353,0.02269,,746,0.0377,,1208,0.02571
863,0.02641,,810,0.04141,,489,0.03818,,984,0.02254,,897,0.03763,,715,0.02566
750,0.0264,,777,0.04134,,305,0.03814,,32,0.02253,,411,0.03761,,347,0.02564
1019,0.02638,,832,0.04131,,199,0.03811,,1109,0.02249,,872,0.03761,,45,0.02562
444,0.02638,,792,0.04128,,313,0.03807,,15,0.02247,,405,0.03758,,22,0.02562
1021,0.02638,,765,0.04123,,307,0.03807,,839,0.02241,,404,0.03758,,26,0.02561
1024,0.02638,,763,0.04115,,206,0.03801,,352,0.0224,,403,0.03758,,939,0.02549
748,0.02634,,805,0.04108,,302,0.03796,,757,0.02239,,1028,0.03757,,328,0.02545
924,0.02634,,791,0.04105,,314,0.03789,,407,0.0222,,21,0.03755,,7,0.02541
753,0.02632,,819,0.04101,,306,0.03789,,986,0.02218,,871,0.03755,,8,0.02541
245,0.02628,,804,0.04097,,227,0.03787,,983,0.02214,,780,0.0375,,750,0.02536
881,0.02627,,803,0.04097,,299,0.03785,,736,0.02211,,20,0.03749,,880,0.02517
749,0.02625,,604,0.04091,,289,0.03783,,769,0.02211,,846,0.03749,,874,0.02517
664,0.02623,,800,0.04085,,463,0.03778,,990,0.02209,,147,0.03749,,878,0.02517
822,0.02622,,802,0.04085,,287,0.03776,,391,0.02206,,938,0.03746,,872,0.02517
1237,0.02619,,836,0.04076,,457,0.03772,,29,0.02206,,870,0.03742,,1163,0.02517
828,0.02618,,943,0.04076,,304,0.03769,,1113,0.02206,,796,0.03738,,1247,0.02511
878,0.02618,,834,0.0406,,282,0.03769,,820,0.02197,,889,0.03738,,736,0.02503
469,0.02613,,1071,0.04043,,453,0.03766,,831,0.02187,,410,0.03736,,729,0.02503
940,0.02612,,813,0.04034,,296,0.03761,,731,0.02183,,905,0.03735,,734,0.02503
932,0.02611,,764,0.04033,,300,0.03759,,755,0.02179,,1021,0.03733,,963,0.02503
1013,0.02611,,790,0.04032,,303,0.03753,,734,0.02179,,887,0.03732,,964,0.02503
464,0.02608,,815,0.04024,,281,0.03752,,993,0.02175,,683,0.03731,,962,0.02503
869,0.02606,,807,0.04024,,312,0.0375,,14,0.02175,,860,0.03729,,1237,0.02502
38,0.02605,,793,0.04017,,766,0.03743,,980,0.02173,,903,0.03727,,1197,0.025
482,0.02604,,817,0.04016,,207,0.03738,,837,0.02173,,409,0.03727,,752,0.02498
741,0.02604,,799,0.04,,273,0.03738,,415,0.02169,,41,0.03725,,1188,0.02496
751,0.02601,,818,0.03998,,298,0.03735,,988,0.02168,,1031,0.03724,,1192,0.02496
964,0.026,,787,0.03995,,301,0.0373,,406,0.02168,,32,0.03724,,659,0.02495
358,0.02599,,801,0.03994,,492,0.03728,,434,0.02167,,748,0.03724,,661,0.02495
1012,0.02598,,814,0.03981,,495,0.03723,,756,0.02167,,890,0.03723,,654,0.02494
523,0.02595,,798,0.03981,,464,0.03718,,1107,0.02164,,1027,0.03723,,15,0.02489
483,0.02592,,806,0.03981,,455,0.03715,,425,0.02163,,999,0.03722,,1048,0.02478
929,0.0259,,816,0.03975,,458,0.03711,,433,0.02161,,400,0.03721,,341,0.02478
1031,0.02589,,811,0.0397,,459,0.03706,,835,0.02154,,694,0.03721,,682,0.02477
470,0.02585,,794,0.03969,,472,0.03687,,830,0.02149,,759,0.03719,,1180,0.02473
874,0.02583,,797,0.03961,,765,0.03685,,733,0.02145,,894,0.03719,,1185,0.02473
873,0.02583,,795,0.0395,,461,0.03672,,40,0.02145,,891,0.03719,,339,0.02471
719,0.02582,,786,0.03939,,454,0.03667,,729,0.02144,,833,0.03719,,27,0.02469
823,0.02582,,49,0.03928,,297,0.03653,,427,0.02143,,832,0.03719,,1173,0.02465
883,0.02578,,809,0.03923,,279,0.03651,,1180,0.0214,,1032,0.03718,,662,0.02464
1005,0.02576,,789,0.03914,,291,0.03649,,17,0.02139,,408,0.03716,,673,0.02464
1002,0.02575,,781,0.03905,,496,0.03645,,410,0.02139,,841,0.03714,,674,0.02464
471,0.02573,,783,0.0389,,274,0.03638,,24,0.02132,,402,0.03712,,1,0.0245
880,0.02573,,785,0.03885,,474,0.03619,,30,0.0213,,882,0.03708,,895,0.02449
876,0.02573,,784,0.03882,,476,0.03615,,409,0.02128,,902,0.03702,,1209,0.02446
868,0.02572,,788,0.03879,,456,0.03611,,742,0.02127,,901,0.03702,,1207,0.02446
408,0.02571,,782,0.03863,,498,0.03602,,16,0.02123,,777,0.037,,1205,0.0244
870,0.0257,,323,0.03838,,462,0.03599,,1182,0.02121,,837,0.037,,952,0.02436
665,0.02569,,778,0.03819,,497,0.03597,,737,0.02115,,831,0.03699,,949,0.02436
1004,0.02568,,780,0.03818,,208,0.03586,,22,0.02115,,836,0.03698,,951,0.02436
830,0.02567,,39,0.03785,,473,0.03584,,989,0.02106,,830,0.03695,,348,0.02434
479,0.02563,,37,0.03769,,254,0.03583,,985,0.02106,,828,0.03695,,923,0.02427
962,0.02562,,40,0.03761,,277,0.03569,,730,0.02104,,781,0.03693,,614,0.02426
824,0.02561,,38,0.03735,,275,0.03567,,405,0.02104,,908,0.0369,,4,0.02424
503,0.0256,,324,0.03723,,278,0.03565,,35,0.02099,,48,0.03688,,691,0.02422
327,0.0256,,1072,0.03722,,475,0.03549,,1238,0.02094,,47,0.03688,,329,0.02422
703,0.02559,,936,0.03701,,317,0.03541,,833,0.02093,,880,0.03686,,670,0.02421
712,0.02558,,812,0.03661,,460,0.03534,,1231,0.02091,,754,0.03683,,671,0.02421
827,0.02555,,35,0.03612,,449,0.03528,,429,0.02089,,31,0.03682,,20,0.0242
1020,0.02553,,33,0.03601,,270,0.03523,,34,0.02087,,779,0.03682,,1200,0.0241
667,0.02553,,520,0.0357,,276,0.03519,,614,0.02086,,27,0.03682,,34,0.02408
943,0.02551,,34,0.03564,,450,0.03516,,754,0.0208,,401,0.03678,,342,0.02404
1070,0.02546,,36,0.03523,,514,0.03502,,717,0.02079,,839,0.03677,,340,0.02404
740,0.02545,,407,0.03508,,451,0.03486,,715,0.02078,,399,0.03674,,32,0.02401
384,0.02542,,405,0.03479,,445,0.03485,,728,0.02077,,150,0.03674,,527,0.02397
965,0.02538,,403,0.03419,,271,0.03484,,1230,0.02076,,28,0.03672,,14,0.02393
713,0.02538,,404,0.03419,,499,0.03474,,981,0.0207,,38,0.03669,,896,0.02389
1003,0.02528,,325,0.03389,,447,0.03471,,828,0.02067,,393,0.03668,,1231,0.02386
875,0.02527,,409,0.03388,,448,0.0347,,1228,0.02066,,22,0.03667,,1229,0.02386
473,0.02525,,408,0.03366,,494,0.03457,,39,0.02066,,893,0.03663,,12,0.02381
996,0.02524,,400,0.03356,,268,0.03449,,21,0.02061,,1029,0.03661,,981,0.02377
714,0.02523,,406,0.03355,,318,0.03432,,679,0.0206,,900,0.03658,,983,0.02377
718,0.0252,,402,0.03348,,507,0.03416,,1246,0.02056,,394,0.03656,,985,0.02377
825,0.02518,,1259,0.03334,,509,0.03406,,422,0.0204,,715,0.03652,,974,0.02376
997,0.02516,,401,0.03325,,269,0.03406,,423,0.0204,,898,0.03651,,1220,0.02373
480,0.02516,,779,0.03319,,266,0.03393,,416,0.02039,,782,0.03649,,846,0.02373
742,0.02515,,399,0.03301,,503,0.03393,,829,0.02036,,412,0.03647,,925,0.02372
963,0.02514,,26,0.0326,,502,0.03373,,834,0.02032,,896,0.03646,,343,0.02369
481,0.02506,,382,0.03247,,512,0.03367,,25,0.02022,,835,0.03639,,345,0.02369
1010,0.02506,,376,0.03229,,500,0.03366,,752,0.02008,,827,0.03638,,344,0.02369
872,0.02503,,378,0.0322,,264,0.03357,,927,0.02003,,885,0.03637,,875,0.02366
991,0.02497,,1140,0.03161,,506,0.03353,,1234,0.02003,,735,0.03637,,945,0.02364
1011,0.02494,,375,0.03145,,515,0.03349,,428,0.01999,,762,0.03632,,842,0.02356
468,0.02494,,25,0.0314,,513,0.03339,,725,0.01989,,406,0.03628,,843,0.02356
711,0.0249,,1219,0.0313,,250,0.03337,,424,0.01984,,396,0.03625,,844,0.02356
1006,0.02487,,381,0.03121,,267,0.03325,,720,0.01979,,25,0.03618,,2,0.02354
717,0.02487,,379,0.03121,,265,0.0332,,718,0.01979,,740,0.03615,,33,0.02353
989,0.02486,,380,0.03121,,504,0.03317,,1260,0.01972,,932,0.03615,,727,0.02352
992,0.02485,,377,0.03121,,508,0.03306,,1235,0.01971,,763,0.03609,,737,0.02352
504,0.02484,,503,0.03106,,936,0.03277,,1229,0.01964,,797,0.03602,,739,0.02352
715,0.02484,,369,0.03106,,516,0.03275,,678,0.01956,,877,0.036,,47,0.02351
998,0.02482,,370,0.03106,,505,0.03272,,426,0.01955,,728,0.036,,150,0.02344
1007,0.02482,,386,0.03099,,517,0.03255,,967,0.01954,,23,0.03598,,149,0.02344
329,0.02479,,327,0.03089,,511,0.03251,,727,0.01953,,1071,0.03593,,1198,0.02344
987,0.02479,,31,0.03077,,510,0.03245,,1162,0.01953,,398,0.03593,,1193,0.02342
505,0.02478,,372,0.03072,,249,0.03241,,998,0.0195,,33,0.03587,,1194,0.02342
1001,0.02478,,374,0.03063,,518,0.0323,,713,0.01949,,947,0.03585,,1189,0.02342
826,0.02478,,371,0.03063,,446,0.03222,,714,0.01949,,873,0.03585,,1196,0.02342
938,0.02474,,29,0.03059,,519,0.03202,,711,0.01949,,395,0.03583,,911,0.02338
988,0.02474,,365,0.03058,,1163,0.03128,,411,0.01947,,397,0.03583,,912,0.02338
737,0.02472,,366,0.03058,,263,0.03107,,680,0.01946,,826,0.03582,,666,0.02337
999,0.0247,,326,0.0305,,924,0.03065,,722,0.01946,,878,0.03582,,668,0.02337
331,0.0247,,384,0.03048,,320,0.02993,,721,0.01946,,876,0.03576,,667,0.02337
662,0.02469,,368,0.03046,,245,0.0297,,740,0.01944,,37,0.03575,,882,0.02332
736,0.02466,,387,0.03045,,675,0.02945,,968,0.01942,,40,0.03568,,883,0.02332
942,0.02466,,9,0.03039,,520,0.02942,,668,0.01942,,764,0.03561,,876,0.02332
1009,0.02465,,32,0.03025,,319,0.02929,,928,0.0194,,1007,0.03558,,877,0.02332
443,0.02462,,23,0.03011,,436,0.029,,994,0.01937,,758,0.03558,,10,0.02328
355,0.02462,,522,0.03005,,672,0.02892,,1252,0.0193,,768,0.03555,,1047,0.02328
993,0.02462,,383,0.02999,,247,0.02881,,843,0.01927,,767,0.03555,,25,0.02326
663,0.02458,,28,0.02999,,1263,0.02864,,844,0.01927,,936,0.03543,,733,0.02326
691,0.02456,,1070,0.02992,,1,0.02861,,1171,0.0192,,24,0.03538,,1238,0.0232
985,0.02453,,398,0.02987,,674,0.0286,,1170,0.0192,,798,0.03533,,965,0.02318
467,0.02449,,673,0.02973,,246,0.02858,,741,0.01917,,874,0.03531,,11,0.02315
990,0.02449,,373,0.02967,,521,0.02853,,1233,0.01917,,784,0.03527,,753,0.02314
738,0.02448,,22,0.02955,,244,0.02849,,975,0.01915,,825,0.03527,,1174,0.0231
698,0.02447,,388,0.02948,,321,0.02841,,1020,0.01913,,823,0.03527,,1175,0.0231
401,0.02447,,367,0.02938,,256,0.02836,,653,0.01913,,701,0.03522,,1172,0.0231
967,0.02445,,395,0.02934,,251,0.02836,,1236,0.01911,,30,0.03513,,1184,0.0231
971,0.02444,,20,0.02925,,248,0.02829,,656,0.01908,,761,0.03507,,1178,0.0231
970,0.02444,,385,0.02923,,671,0.02826,,33,0.01901,,892,0.03503,,1186,0.0231
328,0.02443,,393,0.02915,,329,0.02819,,996,0.01898,,783,0.035,,1181,0.0231
705,0.02441,,392,0.02915,,322,0.02803,,1245,0.01897,,899,0.03499,,1179,0.0231
979,0.0244,,391,0.02915,,3,0.02799,,37,0.01889,,39,0.03492,,1182,0.0231
1243,0.02437,,397,0.02915,,668,0.02797,,1264,0.01888,,824,0.03492,,1183,0.0231
739,0.02437,,24,0.02906,,439,0.02795,,743,0.0188,,804,0.03487,,46,0.0231
977,0.02437,,1073,0.02903,,16,0.02787,,1181,0.01877,,392,0.03486,,23,0.02308
721,0.02435,,390,0.02882,,676,0.02779,,969,0.01875,,930,0.03485,,49,0.02305
720,0.02435,,396,0.02882,,444,0.02776,,652,0.01869,,760,0.03484,,31,0.02304
1000,0.02434,,1111,0.02868,,260,0.02768,,1026,0.01868,,149,0.03484,,145,0.02302
966,0.02433,,528,0.02846,,10,0.02765,,1239,0.01863,,799,0.03479,,1206,0.02299
690,0.02432,,410,0.02834,,670,0.02765,,38,0.01861,,979,0.03476,,1210,0.02299
475,0.02432,,364,0.02822,,2,0.02742,,419,0.0186,,875,0.03476,,937,0.02298
706,0.02428,,1078,0.02814,,669,0.02737,,418,0.0186,,819,0.03474,,929,0.02298
725,0.02427,,21,0.02806,,9,0.02732,,667,0.01859,,816,0.03474,,927,0.02298
695,0.02427,,389,0.02787,,258,0.02726,,912,0.01859,,817,0.03474,,921,0.02298
697,0.02426,,527,0.02782,,523,0.02725,,911,0.01859,,444,0.03469,,1190,0.02293
699,0.02426,,1167,0.02764,,1177,0.02722,,432,0.01855,,800,0.03463,,685,0.02287
671,0.02425,,30,0.02762,,1052,0.02717,,431,0.01855,,795,0.03446,,44,0.02286
522,0.02425,,411,0.02676,,6,0.02713,,997,0.01854,,820,0.03443,,43,0.02281
666,0.02425,,1065,0.02674,,15,0.02711,,739,0.01848,,818,0.03443,,29,0.02278
969,0.02419,,441,0.02649,,673,0.02697,,654,0.01846,,814,0.03443,,24,0.02276
49,0.02419,,447,0.02646,,17,0.02694,,669,0.01845,,806,0.03443,,528,0.02273
1139,0.02418,,1066,0.02617,,259,0.0269,,995,0.01844,,416,0.03441,,689,0.0227
735,0.02418,,444,0.02615,,612,0.02684,,1173,0.01844,,803,0.03433,,924,0.02269
340,0.02415,,18,0.02614,,611,0.02681,,1172,0.01844,,802,0.03433,,687,0.02265
562,0.02413,,526,0.02601,,11,0.02676,,966,0.01842,,813,0.03429,,686,0.02265
669,0.0241,,445,0.02598,,678,0.02667,,869,0.01838,,815,0.03425,,966,0.02264
670,0.0241,,412,0.02595,,441,0.02656,,436,0.01833,,327,0.03424,,740,0.02263
710,0.02409,,440,0.02594,,614,0.02654,,412,0.01831,,382,0.03419,,1013,0.0226
337,0.02408,,442,0.02588,,41,0.02644,,719,0.01831,,691,0.03415,,1012,0.0226
342,0.02408,,1064,0.02581,,427,0.02643,,421,0.0183,,418,0.03409,,1201,0.0226
399,0.02407,,1060,0.02581,,12,0.02642,,724,0.01823,,34,0.03402,,1211,0.0226
984,0.02407,,394,0.02578,,328,0.02642,,974,0.0182,,417,0.03401,,1212,0.02256
694,0.02406,,525,0.02565,,255,0.02636,,832,0.01819,,807,0.03395,,1203,0.02254
476,0.02405,,363,0.0256,,31,0.02634,,684,0.01818,,766,0.03388,,9,0.02248
693,0.02404,,443,0.02557,,42,0.02625,,1255,0.01816,,805,0.03387,,349,0.02244
972,0.02404,,27,0.02546,,438,0.02624,,712,0.01815,,36,0.03384,,922,0.02243
400,0.02402,,524,0.02541,,610,0.02622,,1150,0.01814,,801,0.03378,,972,0.02243
1008,0.02402,,1061,0.02521,,4,0.02619,,1179,0.01813,,792,0.03369,,978,0.02243
961,0.024,,1062,0.02521,,437,0.02616,,670,0.01803,,49,0.03366,,658,0.02243
978,0.024,,1067,0.02521,,14,0.02611,,1000,0.01801,,811,0.03345,,656,0.02243
700,0.02396,,1059,0.02521,,372,0.02598,,1044,0.01801,,810,0.03345,,660,0.02243
696,0.02395,,1268,0.02504,,1173,0.02596,,1237,0.01799,,1072,0.03343,,998,0.02238
673,0.02393,,1269,0.02504,,8,0.02595,,979,0.01799,,793,0.03339,,980,0.02238
980,0.02392,,361,0.02485,,261,0.02594,,970,0.01798,,809,0.03337,,336,0.02238
734,0.02391,,434,0.02469,,370,0.02589,,27,0.01798,,326,0.03334,,338,0.02238
723,0.0239,,521,0.02466,,43,0.02581,,744,0.01795,,786,0.03329,,337,0.02238
976,0.0239,,672,0.02464,,1214,0.02566,,1045,0.01793,,1191,0.03329,,48,0.02236
668,0.02389,,1058,0.02448,,371,0.02557,,812,0.01791,,788,0.03311,,1009,0.02235
707,0.02389,,435,0.02421,,435,0.02556,,1241,0.0179,,821,0.03309,,676,0.02233
731,0.02389,,433,0.02421,,7,0.02554,,1240,0.0179,,419,0.03309,,915,0.02232
683,0.02385,,1063,0.02417,,24,0.02553,,1174,0.01789,,787,0.03294,,919,0.02232
351,0.02381,,446,0.02416,,374,0.02549,,437,0.0178,,790,0.03293,,916,0.02232
986,0.02372,,431,0.02414,,440,0.02546,,1038,0.01779,,812,0.03293,,914,0.02232
983,0.0237,,432,0.02414,,44,0.02543,,868,0.01774,,443,0.0329,,901,0.02232
709,0.02367,,523,0.02389,,443,0.02539,,1251,0.01773,,794,0.0329,,894,0.02232
973,0.02367,,1267,0.02366,,431,0.02526,,659,0.01768,,778,0.03289,,900,0.02232
733,0.02363,,1235,0.02338,,323,0.02523,,420,0.01762,,789,0.03286,,893,0.02232
981,0.02358,,17,0.02325,,257,0.02519,,971,0.01762,,389,0.03283,,890,0.02232
722,0.02358,,516,0.02322,,1172,0.0251,,726,0.01758,,785,0.03281,,891,0.02232
708,0.02356,,1244,0.02304,,25,0.02509,,922,0.01757,,380,0.03279,,898,0.02232
975,0.02355,,1202,0.02302,,613,0.02507,,973,0.01757,,379,0.03279,,902,0.02232
702,0.02354,,436,0.02298,,442,0.025,,999,0.01756,,378,0.03279,,897,0.02232
724,0.02351,,1176,0.02296,,35,0.02499,,977,0.01755,,1020,0.03264,,1222,0.02228
339,0.02349,,449,0.02293,,373,0.02498,,976,0.01755,,765,0.03245,,1224,0.02228
974,0.02346,,5,0.02291,,679,0.02488,,978,0.01755,,808,0.03241,,1232,0.02228
682,0.02344,,1069,0.02288,,29,0.02486,,28,0.01752,,387,0.03233,,1223,0.02228
879,0.02342,,1055,0.02287,,426,0.02486,,854,0.01751,,386,0.03233,,1230,0.02228
730,0.02341,,1056,0.02287,,32,0.02471,,435,0.01746,,381,0.03228,,1227,0.02228
687,0.0234,,1248,0.02281,,45,0.02463,,640,0.01746,,377,0.03228,,1234,0.02228
968,0.02331,,430,0.02273,,47,0.02456,,865,0.01739,,146,0.03228,,1226,0.02228
727,0.0233,,1177,0.02271,,46,0.02456,,697,0.01737,,374,0.03223,,331,0.02228
689,0.02329,,514,0.0226,,27,0.02454,,920,0.01736,,384,0.03209,,986,0.02224
728,0.02329,,1104,0.02259,,21,0.02452,,1028,0.01732,,35,0.03207,,984,0.02224
726,0.02326,,16,0.02255,,48,0.02451,,1048,0.01732,,791,0.032,,1001,0.02224
729,0.02322,,1124,0.02248,,30,0.02442,,870,0.01726,,388,0.03182,,1004,0.02224
251,0.02314,,518,0.02247,,1042,0.02429,,1043,0.01725,,385,0.03182,,996,0.02224
732,0.02311,,448,0.02242,,1043,0.02429,,1042,0.01725,,822,0.03143,,1005,0.02224
692,0.02311,,517,0.02241,,375,0.02421,,1037,0.01721,,376,0.03142,,1002,0.02224
672,0.02304,,1054,0.02236,,1170,0.02419,,1035,0.0172,,375,0.03142,,1056,0.02222
442,0.02298,,512,0.02229,,667,0.02418,,1004,0.01719,,364,0.03123,,1233,0.02222
439,0.02293,,1074,0.02222,,369,0.02408,,954,0.01718,,415,0.03116,,953,0.02222
686,0.02288,,545,0.02214,,51,0.02381,,1078,0.01717,,390,0.03114,,938,0.02222
338,0.02288,,468,0.0221,,325,0.02379,,1007,0.01717,,383,0.03089,,1215,0.0222
474,0.02284,,544,0.0221,,1171,0.02361,,1010,0.01716,,391,0.03087,,1213,0.0222
356,0.02278,,1075,0.02205,,1232,0.0236,,1267,0.01713,,413,0.03085,,1218,0.0222
684,0.02273,,1076,0.02205,,1230,0.02358,,583,0.01712,,420,0.03069,,1217,0.0222
1246,0.02269,,1057,0.02204,,331,0.02355,,674,0.01712,,366,0.03034,,1022,0.02218
441,0.02268,,511,0.02202,,324,0.02352,,36,0.01711,,365,0.03034,,1019,0.02218
685,0.02264,,19,0.022,,1044,0.02349,,707,0.01709,,524,0.03032,,1225,0.02217
332,0.0226,,515,0.02198,,34,0.02348,,972,0.01709,,372,0.03019,,51,0.02217
660,0.02255,,513,0.02196,,28,0.02338,,894,0.01709,,369,0.03019,,28,0.02213
661,0.02244,,1266,0.02191,,1167,0.02324,,893,0.01709,,370,0.03019,,21,0.0221
1191,0.02241,,424,0.02191,,429,0.02307,,671,0.01708,,371,0.02974,,567,0.02209
676,0.0224,,423,0.02191,,528,0.02302,,1248,0.01708,,414,0.02962,,716,0.02208
410,0.02223,,426,0.02191,,22,0.02297,,1261,0.01707,,9,0.02956,,1177,0.02205
1251,0.02222,,425,0.02191,,354,0.02296,,745,0.01704,,368,0.02936,,664,0.02205
1052,0.02219,,1270,0.02188,,1037,0.02291,,862,0.01702,,12,0.02927,,663,0.02205
1132,0.02211,,1265,0.02182,,522,0.02289,,694,0.01702,,367,0.02914,,956,0.02205
1245,0.02204,,450,0.02182,,33,0.02269,,883,0.01702,,363,0.0291,,955,0.02205
411,0.0219,,437,0.0218,,50,0.02267,,866,0.017,,373,0.0285,,954,0.02205
1244,0.02189,,1181,0.02179,,430,0.02266,,1053,0.017,,1117,0.02847,,960,0.02205
1174,0.02186,,1187,0.02178,,433,0.02258,,1005,0.01698,,1078,0.02811,,959,0.02205
794,0.02178,,415,0.02166,,23,0.02256,,658,0.01697,,6,0.02744,,1202,0.022
341,0.02175,,1068,0.02165,,1205,0.02254,,1021,0.01696,,1,0.02738,,1176,0.02199
678,0.02175,,1240,0.02162,,1045,0.02234,,864,0.01693,,19,0.02734,,730,0.02196
344,0.02165,,510,0.02161,,376,0.02226,,660,0.01692,,5,0.02728,,721,0.0219
654,0.02163,,1205,0.02161,,361,0.02222,,871,0.0169,,14,0.02724,,936,0.02188
658,0.02153,,1174,0.02157,,428,0.0221,,867,0.01687,,10,0.02668,,910,0.02187
334,0.02146,,1245,0.02156,,355,0.02205,,1041,0.01685,,3,0.02645,,944,0.02182
656,0.02145,,505,0.02155,,432,0.02203,,872,0.01678,,17,0.02593,,913,0.02182
345,0.02136,,509,0.02144,,1174,0.02198,,887,0.01672,,361,0.0259,,679,0.02173
333,0.02136,,501,0.02143,,1038,0.02192,,888,0.01672,,1144,0.02587,,41,0.02166
1140,0.02136,,1183,0.02142,,1036,0.02192,,1040,0.0167,,18,0.02585,,907,0.02166
1153,0.02134,,429,0.02138,,1034,0.02186,,673,0.01667,,11,0.02567,,906,0.02166
680,0.02129,,427,0.02138,,425,0.02174,,676,0.01666,,16,0.02555,,908,0.02166
1136,0.02126,,519,0.02136,,1039,0.0217,,662,0.01665,,8,0.02532,,905,0.02166
1236,0.02123,,15,0.02135,,1058,0.02169,,1177,0.01662,,1068,0.02512,,904,0.02166
391,0.02115,,1261,0.02132,,1041,0.02166,,687,0.01655,,7,0.0251,,1221,0.02165
674,0.02109,,1257,0.02132,,1059,0.02164,,689,0.01652,,1163,0.02501,,1239,0.02165
390,0.02106,,1256,0.02132,,1231,0.02155,,1183,0.01651,,1192,0.02491,,757,0.0216
791,0.02103,,1271,0.02131,,1237,0.02151,,1184,0.01651,,2,0.02485,,755,0.0216
343,0.02098,,1273,0.02131,,327,0.02147,,672,0.01649,,346,0.02474,,756,0.0216
1235,0.02095,,1272,0.02131,,424,0.02145,,1046,0.01647,,1070,0.02467,,885,0.02157
335,0.02095,,470,0.02122,,415,0.02136,,1033,0.01645,,362,0.02465,,719,0.02156
438,0.02093,,462,0.02122,,326,0.02136,,1149,0.01643,,1111,0.02452,,871,0.02153
1178,0.02093,,489,0.0211,,1035,0.02127,,665,0.01641,,441,0.02442,,678,0.02148
1238,0.0209,,1101,0.0211,,362,0.02126,,921,0.01641,,442,0.02442,,1171,0.02138
394,0.02083,,1171,0.0211,,1108,0.02126,,919,0.01641,,15,0.02429,,1170,0.02138
1138,0.02082,,451,0.02108,,526,0.02109,,965,0.01638,,4,0.02422,,889,0.02135
1131,0.02076,,422,0.02103,,357,0.02102,,1222,0.01633,,1243,0.02421,,934,0.02135
1267,0.02075,,454,0.02095,,1228,0.02102,,1223,0.01633,,1067,0.02421,,931,0.02135
412,0.02075,,472,0.02093,,1046,0.02099,,1031,0.0163,,1065,0.02415,,711,0.02135
1135,0.02074,,416,0.02092,,1047,0.02099,,1029,0.0163,,335,0.02401,,146,0.02135
1234,0.02074,,421,0.0208,,1199,0.02087,,877,0.0163,,1164,0.024,,42,0.02135
792,0.02071,,419,0.02079,,1240,0.02083,,1244,0.0163,,336,0.02391,,1235,0.02131
1137,0.02066,,1246,0.02078,,363,0.02082,,1178,0.01628,,1149,0.0239,,712,0.02129
1114,0.02061,,549,0.02076,,1057,0.02079,,915,0.01624,,358,0.02385,,1046,0.02127
1241,0.02059,,550,0.02076,,330,0.02074,,916,0.01624,,525,0.02367,,751,0.02119
790,0.02058,,548,0.02076,,1197,0.0207,,914,0.01624,,360,0.02367,,36,0.02118
393,0.02056,,546,0.02076,,359,0.02064,,917,0.01624,,356,0.02364,,577,0.02117
388,0.02055,,535,0.02074,,366,0.02063,,918,0.01624,,526,0.02361,,690,0.02116
657,0.02054,,1241,0.02074,,1245,0.02062,,955,0.01624,,1263,0.02357,,860,0.02115
1271,0.02049,,1116,0.02072,,524,0.02056,,753,0.01624,,334,0.02351,,1008,0.02113
354,0.02047,,463,0.02069,,1207,0.02051,,698,0.0162,,338,0.0235,,1011,0.02113
1257,0.02046,,466,0.02068,,525,0.02049,,1169,0.0162,,440,0.0235,,928,0.02112
395,0.02046,,1179,0.02067,,527,0.0204,,1218,0.0162,,1270,0.02338,,994,0.02107
1272,0.02045,,1117,0.02067,,1206,0.02036,,1226,0.0162,,1269,0.02338,,975,0.02103
1175,0.0204,,471,0.02067,,1195,0.02031,,1036,0.01616,,1242,0.02338,,977,0.02103
552,0.02036,,328,0.02066,,1194,0.02031,,682,0.01614,,1272,0.02337,,714,0.02101
793,0.02034,,453,0.02066,,1208,0.02028,,1219,0.01611,,1271,0.02337,,713,0.02101
554,0.02033,,469,0.02063,,1204,0.02021,,907,0.01611,,1268,0.02337,,969,0.02098
555,0.02033,,1227,0.02063,,356,0.02017,,908,0.01611,,1064,0.02336,,40,0.02096
798,0.02032,,529,0.02061,,341,0.02014,,863,0.0161,,1066,0.02336,,1014,0.02095
1249,0.0203,,362,0.0206,,360,0.02013,,861,0.01608,,359,0.02331,,976,0.02095
659,0.02028,,487,0.0206,,1209,0.0201,,961,0.01608,,1267,0.02324,,973,0.02085
788,0.02027,,1255,0.02056,,656,0.02009,,1034,0.01604,,1104,0.02322,,866,0.02077
1254,0.02025,,506,0.02054,,1236,0.01999,,1008,0.01603,,1084,0.02321,,991,0.02077
1253,0.02025,,1122,0.02054,,332,0.01997,,1009,0.01603,,1148,0.02311,,992,0.02077
795,0.02021,,507,0.0205,,434,0.01995,,1014,0.01603,,1157,0.02311,,988,0.02077
1270,0.02014,,1264,0.0205,,381,0.01988,,695,0.01601,,1069,0.0231,,987,0.02077
563,0.02012,,473,0.02047,,368,0.01982,,895,0.016,,357,0.02301,,989,0.02077
566,0.02011,,458,0.02046,,1196,0.0198,,1047,0.01597,,1264,0.023,,990,0.02077
781,0.0201,,1051,0.02044,,1109,0.0198,,889,0.01596,,355,0.02295,,1017,0.02077
789,0.02005,,490,0.02042,,422,0.01978,,685,0.01593,,1132,0.02292,,1015,0.02077
1232,0.02004,,475,0.02041,,1200,0.01971,,878,0.01591,,1265,0.02286,,997,0.02077
1173,0.02004,,1148,0.0204,,1110,0.0197,,880,0.01585,,1062,0.02286,,1003,0.02077
389,0.02004,,428,0.02039,,1106,0.01969,,882,0.01582,,1060,0.02286,,1000,0.02077
777,0.02,,455,0.02039,,1107,0.01969,,1039,0.01582,,1249,0.02286,,995,0.02077
820,0.02,,493,0.02037,,358,0.01966,,1019,0.0158,,337,0.02272,,1025,0.02077
797,0.01996,,1180,0.02037,,1241,0.01965,,1158,0.01578,,1257,0.0227,,1187,0.02075
1231,0.01994,,1218,0.02035,,401,0.01964,,438,0.01577,,1266,0.02267,,1018,0.02068
1266,0.0199,,1216,0.02035,,400,0.01964,,1269,0.01577,,1203,0.02264,,993,0.02068
782,0.01987,,1217,0.02035,,1246,0.01964,,1268,0.01577,,1251,0.02253,,657,0.02066
813,0.01986,,1253,0.02034,,1193,0.01963,,940,0.01576,,340,0.02236,,845,0.02065
1053,0.01985,,1249,0.02034,,1203,0.01962,,1012,0.01574,,1155,0.0223,,350,0.02062
1240,0.01983,,504,0.02033,,1198,0.01962,,1256,0.01574,,1161,0.0223,,1058,0.02057
1051,0.01983,,414,0.02033,,414,0.0196,,875,0.01574,,1156,0.0223,,19,0.02056
815,0.01977,,351,0.02029,,661,0.01959,,710,0.01573,,1158,0.0223,,1020,0.02054
336,0.01976,,461,0.02029,,377,0.01955,,1243,0.01572,,1147,0.0223,,723,0.02052
564,0.01975,,1250,0.02029,,1191,0.0195,,1051,0.01566,,1151,0.0223,,3,0.0205
796,0.01975,,457,0.02029,,1242,0.01949,,702,0.01564,,1159,0.0223,,717,0.02048
353,0.01974,,420,0.02025,,380,0.01949,,905,0.01563,,1145,0.0223,,718,0.02048
811,0.01974,,456,0.02025,,385,0.01945,,700,0.0156,,1146,0.02229,,888,0.02048
819,0.0197,,1090,0.02024,,664,0.0194,,663,0.0156,,1153,0.02229,,892,0.02048
1227,0.0197,,474,0.02023,,423,0.01938,,706,0.01559,,1244,0.02226,,918,0.02048
786,0.0197,,508,0.02019,,353,0.01919,,661,0.01557,,1073,0.02224,,917,0.02048
809,0.01969,,1113,0.02018,,336,0.01918,,547,0.01556,,1222,0.02223,,884,0.02045
1130,0.01968,,1127,0.02018,,1243,0.01916,,890,0.01556,,1221,0.02223,,17,0.02039
392,0.01967,,492,0.02016,,1211,0.01916,,904,0.01555,,1087,0.02223,,887,0.02035
558,0.01963,,532,0.02013,,1210,0.01916,,903,0.01555,,1230,0.02218,,899,0.02034
1134,0.01962,,1233,0.0201,,379,0.01916,,891,0.01547,,1101,0.02211,,722,0.02023
553,0.01959,,464,0.02006,,1201,0.01913,,879,0.01547,,1205,0.02209,,434,0.02019
1262,0.01958,,418,0.02005,,1215,0.0191,,1024,0.01545,,332,0.02208,,684,0.02017
1256,0.01955,,360,0.02001,,1212,0.01904,,1022,0.01545,,331,0.02208,,351,0.02015
778,0.01954,,1262,0.02,,337,0.01902,,1025,0.01545,,1224,0.02208,,352,0.02015
1040,0.01953,,465,0.01998,,402,0.01898,,860,0.01545,,1176,0.02206,,909,0.02013
1172,0.01953,,1178,0.01996,,1190,0.01897,,842,0.01545,,1262,0.02199,,903,0.02013
557,0.01952,,413,0.01995,,1189,0.01897,,529,0.01543,,1089,0.02197,,1216,0.02012
814,0.01952,,1085,0.01994,,1181,0.01894,,913,0.01536,,1088,0.02197,,39,0.02004
804,0.01949,,531,0.01993,,530,0.01889,,709,0.01533,,1250,0.02192,,1037,0.02003
816,0.01947,,533,0.01993,,1238,0.01882,,1146,0.01531,,1092,0.02192,,720,0.01998
1065,0.01944,,542,0.01993,,1239,0.01882,,962,0.0153,,1258,0.02191,,38,0.01991
1273,0.01944,,541,0.01993,,546,0.01879,,746,0.01529,,1059,0.02191,,868,0.01986
818,0.01943,,540,0.01993,,352,0.01877,,657,0.01523,,1261,0.02189,,754,0.01982
398,0.01941,,539,0.01993,,1175,0.01876,,1100,0.01522,,527,0.02182,,702,0.0198
551,0.01939,,538,0.01993,,657,0.01875,,923,0.0152,,528,0.02182,,947,0.01978
1255,0.01937,,537,0.01993,,1033,0.01874,,1101,0.01519,,1234,0.0218,,703,0.01968
559,0.01934,,536,0.01993,,1092,0.01872,,751,0.01518,,1182,0.02178,,704,0.01968
799,0.01934,,499,0.01993,,49,0.01869,,1175,0.01518,,1248,0.02176,,705,0.01968
330,0.01933,,476,0.01993,,386,0.01862,,1006,0.01517,,1190,0.02174,,699,0.01964
427,0.01932,,498,0.0199,,413,0.0186,,1003,0.01517,,1254,0.02174,,655,0.01957
397,0.01927,,1212,0.0199,,1244,0.01858,,1018,0.01517,,1255,0.02174,,695,0.01955
565,0.01927,,329,0.01988,,658,0.01857,,1015,0.01517,,350,0.02173,,1127,0.01953
396,0.01927,,1118,0.01986,,1169,0.01856,,1013,0.01517,,1188,0.02169,,1010,0.01949
817,0.01924,,485,0.01981,,665,0.01853,,881,0.01516,,1141,0.02168,,935,0.01947
785,0.01924,,1225,0.01978,,378,0.01853,,686,0.01514,,1162,0.02161,,693,0.01941
810,0.01924,,486,0.01975,,334,0.01851,,1159,0.01514,,1109,0.0216,,970,0.01939
803,0.01913,,1209,0.01973,,420,0.01849,,1160,0.01514,,1061,0.0216,,971,0.01939
414,0.01913,,679,0.01972,,1053,0.01848,,952,0.01513,,1106,0.02156,,1199,0.01929
801,0.01903,,1222,0.01972,,1192,0.01842,,896,0.01513,,339,0.02156,,848,0.01927
1247,0.019,,1198,0.01971,,1213,0.01841,,1185,0.01511,,348,0.02155,,853,0.01927
1233,0.019,,1197,0.01971,,392,0.01838,,1049,0.01511,,1137,0.02142,,851,0.01927
800,0.01896,,488,0.0197,,1111,0.01837,,906,0.01509,,1138,0.02142,,982,0.01925
806,0.01896,,1247,0.01967,,335,0.01836,,1011,0.01509,,1129,0.02142,,1027,0.01923
784,0.01895,,1170,0.01966,,364,0.01833,,876,0.01508,,1135,0.02142,,1028,0.01923
1239,0.01894,,558,0.01957,,421,0.01831,,1216,0.01507,,1128,0.02142,,1026,0.01923
573,0.01893,,460,0.01956,,1188,0.01829,,1030,0.01506,,1134,0.02142,,692,0.01922
802,0.01891,,1251,0.01956,,418,0.01825,,1001,0.01506,,1241,0.02141,,580,0.01914
561,0.01889,,1221,0.01954,,383,0.01822,,1002,0.01506,,1240,0.02141,,1029,0.01911
808,0.01886,,335,0.01953,,387,0.01822,,693,0.01505,,1273,0.02139,,1023,0.01911
679,0.01881,,495,0.0195,,682,0.01817,,1186,0.01503,,351,0.02139,,867,0.01909
1248,0.01881,,1214,0.01949,,659,0.01813,,690,0.01493,,1114,0.02137,,725,0.01908
1269,0.01879,,1215,0.01949,,403,0.01812,,946,0.01491,,1171,0.02136,,858,0.019
787,0.01879,,1213,0.01949,,404,0.01812,,932,0.01487,,1170,0.02136,,1016,0.01899
652,0.01878,,467,0.01946,,1164,0.01807,,910,0.01486,,1166,0.02133,,724,0.0189
1242,0.01878,,678,0.01946,,399,0.01806,,873,0.01483,,1082,0.02131,,1006,0.01886
783,0.01877,,491,0.01944,,1180,0.01799,,1242,0.01483,,1103,0.02131,,37,0.01885
1230,0.01876,,14,0.01941,,384,0.01798,,1195,0.01483,,1077,0.02131,,920,0.01883
560,0.01869,,1080,0.0194,,666,0.01794,,964,0.01479,,1105,0.02131,,859,0.01882
1193,0.01868,,1190,0.01939,,346,0.01793,,1224,0.01477,,1220,0.0213,,933,0.01874
1250,0.0186,,665,0.01936,,529,0.01789,,1017,0.0147,,1097,0.02127,,732,0.01853
807,0.01853,,667,0.01936,,1187,0.01788,,696,0.01463,,1223,0.02127,,869,0.01842
352,0.01853,,1234,0.01934,,1183,0.01787,,1262,0.01462,,1233,0.02127,,353,0.01837
1066,0.01849,,1206,0.01933,,388,0.01785,,885,0.01456,,1238,0.02127,,1042,0.01835
805,0.01847,,1201,0.01933,,1217,0.01784,,953,0.01454,,1229,0.02126,,1041,0.01835
1268,0.01845,,1203,0.01933,,367,0.01782,,848,0.01453,,1116,0.02123,,1036,0.01835
1036,0.01844,,1211,0.01933,,1051,0.0178,,849,0.01453,,345,0.02122,,1038,0.01835
1033,0.01844,,1168,0.01931,,545,0.01777,,1050,0.01453,,1212,0.02121,,1043,0.01835
567,0.01844,,1254,0.01931,,1101,0.01776,,947,0.01452,,1180,0.02115,,1044,0.01835
622,0.01843,,479,0.0193,,333,0.01775,,886,0.0145,,1195,0.02114,,622,0.01826
574,0.01839,,1086,0.0193,,398,0.01775,,699,0.01445,,1063,0.02113,,708,0.01824
1038,0.01837,,1088,0.01929,,1235,0.01773,,1220,0.01445,,1093,0.02112,,707,0.01824
1223,0.01833,,1089,0.01929,,416,0.01766,,963,0.01439,,1090,0.02112,,706,0.01824
1226,0.01833,,1103,0.01929,,382,0.0176,,943,0.01439,,1083,0.02112,,16,0.01823
586,0.01831,,1102,0.01929,,662,0.01758,,1272,0.01438,,1260,0.02112,,852,0.01821
812,0.0183,,1105,0.01929,,663,0.01758,,874,0.01438,,1235,0.02107,,1133,0.01819
1259,0.01827,,1121,0.01929,,1112,0.01757,,666,0.01434,,1152,0.02104,,627,0.01819
1265,0.01826,,1109,0.01929,,396,0.01755,,747,0.01433,,1160,0.02104,,946,0.01808
1050,0.01824,,1107,0.01929,,397,0.01755,,608,0.01432,,1143,0.02104,,421,0.01805
1034,0.01824,,1126,0.01929,,1179,0.01752,,609,0.01432,,1154,0.02104,,330,0.01803
1035,0.01824,,1108,0.01929,,1178,0.01752,,748,0.01431,,1058,0.02101,,696,0.018
779,0.01823,,1106,0.01929,,531,0.0175,,749,0.01431,,1055,0.02101,,697,0.018
1071,0.0182,,1125,0.01929,,1234,0.01749,,857,0.01425,,1057,0.02101,,700,0.018
1180,0.01814,,1110,0.01929,,390,0.01743,,664,0.01418,,347,0.02092,,709,0.018
1214,0.01809,,1128,0.01929,,409,0.01741,,1259,0.01418,,1150,0.02091,,710,0.018
1225,0.01806,,543,0.01926,,654,0.0174,,1227,0.01414,,1259,0.02089,,1251,0.01795
568,0.01794,,500,0.01924,,547,0.01739,,692,0.01413,,343,0.02089,,926,0.01794
1158,0.01788,,1153,0.01922,,1273,0.01739,,430,0.01409,,344,0.02089,,591,0.01753
1155,0.01788,,1207,0.01919,,1186,0.01737,,705,0.01406,,1231,0.02088,,1024,0.01744
1097,0.01783,,1210,0.01918,,1184,0.01737,,703,0.01406,,1232,0.02088,,1021,0.01736
1046,0.01781,,1223,0.01918,,1168,0.01732,,1215,0.01406,,1142,0.02086,,863,0.01732
350,0.0178,,1226,0.01918,,419,0.01729,,847,0.01404,,1236,0.02078,,864,0.01732
1129,0.01779,,1229,0.01917,,342,0.01729,,851,0.01404,,1139,0.02077,,1032,0.01726
1099,0.01778,,1150,0.01916,,1040,0.01729,,1155,0.01402,,1189,0.02069,,1031,0.01726
413,0.01769,,459,0.01915,,365,0.01726,,1157,0.01402,,1121,0.02063,,1030,0.01726
1222,0.01768,,530,0.01913,,1060,0.01725,,1156,0.01402,,1110,0.02063,,849,0.01711
1229,0.01767,,358,0.01912,,1216,0.01724,,1161,0.01402,,1113,0.02063,,850,0.01711
1063,0.01764,,359,0.01912,,39,0.01722,,945,0.014,,1125,0.02063,,1049,0.01707
1122,0.01764,,1142,0.01911,,351,0.01719,,846,0.01393,,1099,0.02063,,957,0.01695
1179,0.0176,,1141,0.01911,,1114,0.01716,,542,0.01392,,341,0.02061,,855,0.01695
1049,0.01752,,1189,0.01908,,1185,0.01715,,691,0.01391,,1181,0.0206,,854,0.01689
419,0.01752,,496,0.01908,,1233,0.01712,,1250,0.01389,,1136,0.02059,,856,0.01689
1039,0.01745,,1112,0.01907,,1063,0.01712,,926,0.01388,,1165,0.02058,,857,0.01689
621,0.01744,,484,0.01906,,680,0.01711,,925,0.01388,,333,0.02058,,433,0.01687
577,0.01744,,12,0.01906,,1221,0.017,,704,0.01387,,1201,0.02058,,620,0.01685
578,0.01744,,1184,0.01906,,349,0.01699,,708,0.01387,,1206,0.02051,,621,0.01685
576,0.01744,,1185,0.01906,,1066,0.01693,,1266,0.0138,,1213,0.02051,,603,0.01684
579,0.01744,,1186,0.01906,,1064,0.01693,,1032,0.01379,,1216,0.02051,,1260,0.01681
1221,0.01744,,1091,0.01905,,405,0.01692,,938,0.01376,,1079,0.02046,,1034,0.01675
1195,0.01742,,4,0.019,,562,0.01691,,683,0.01375,,1100,0.02046,,1040,0.01675
1198,0.01739,,1191,0.019,,1166,0.01685,,1225,0.01373,,1253,0.02045,,1039,0.01675
1224,0.01737,,357,0.01898,,1182,0.01685,,951,0.01367,,1081,0.02036,,1035,0.01675
415,0.01736,,1260,0.01893,,541,0.01684,,1204,0.01362,,1225,0.02034,,1033,0.01675
1185,0.01731,,1243,0.01892,,542,0.01684,,909,0.01359,,1226,0.02034,,1045,0.01675
1184,0.01728,,1157,0.0189,,395,0.01683,,1257,0.01358,,1120,0.02033,,958,0.01665
1261,0.01728,,680,0.01889,,1229,0.01681,,929,0.01356,,1080,0.0203,,847,0.01665
1091,0.01725,,668,0.01889,,1068,0.01677,,859,0.01355,,1085,0.0203,,886,0.01661
1133,0.01722,,674,0.01889,,1116,0.01676,,937,0.01347,,1075,0.0203,,1112,0.01652
571,0.01721,,666,0.01888,,408,0.01676,,1153,0.01346,,1256,0.02027,,435,0.01616
1200,0.01715,,632,0.01886,,391,0.0167,,1055,0.01344,,1098,0.02024,,694,0.01616
1074,0.01712,,1242,0.01885,,544,0.0167,,1190,0.01342,,1094,0.02024,,604,0.01614
1048,0.01712,,1087,0.0188,,1254,0.01669,,1016,0.01341,,1096,0.02024,,1051,0.01579
1068,0.01712,,1199,0.01878,,36,0.01668,,1217,0.01341,,1095,0.02024,,1052,0.01579
1047,0.01712,,1081,0.01877,,660,0.01663,,898,0.01341,,1179,0.02023,,1053,0.01579
1201,0.01712,,1159,0.01877,,1153,0.01651,,897,0.01341,,1175,0.02023,,613,0.01574
580,0.01709,,1239,0.01875,,1218,0.01651,,1165,0.01339,,1169,0.02023,,1214,0.0157
1098,0.017,,1220,0.01874,,1202,0.01646,,941,0.01339,,1168,0.02023,,1122,0.01556
556,0.0169,,1224,0.01872,,1091,0.01645,,750,0.01335,,1122,0.02023,,862,0.01548
1100,0.01689,,417,0.01867,,407,0.01643,,852,0.01328,,1204,0.02021,,865,0.01548
1213,0.01684,,1175,0.01861,,1067,0.01633,,853,0.01328,,594,0.02021,,428,0.01539
1220,0.01683,,1123,0.01861,,410,0.01629,,1200,0.01322,,1174,0.0202,,423,0.01539
1156,0.01682,,1119,0.01861,,1222,0.01628,,1197,0.01322,,1208,0.02014,,425,0.01539
1154,0.01682,,1115,0.01861,,393,0.01623,,949,0.01321,,349,0.02013,,424,0.01539
1258,0.01682,,633,0.01859,,1224,0.01621,,948,0.01321,,1177,0.02009,,437,0.01535
1128,0.01681,,629,0.01859,,1076,0.01616,,956,0.01319,,1050,0.02007,,643,0.01515
1183,0.01681,,628,0.01859,,1077,0.01616,,1258,0.01318,,1210,0.01998,,646,0.01515
1094,0.01678,,1204,0.01859,,1096,0.01614,,942,0.01312,,1118,0.01998,,645,0.01515
1064,0.01677,,483,0.01858,,1097,0.01614,,1254,0.01306,,1237,0.01994,,642,0.01515
647,0.01675,,502,0.01858,,1085,0.01613,,1247,0.01303,,1054,0.0198,,529,0.01515
1092,0.01672,,1149,0.01853,,348,0.01612,,1221,0.01287,,1239,0.01979,,536,0.01515
1216,0.01671,,481,0.0185,,1119,0.01603,,1114,0.01286,,1217,0.01979,,532,0.01515
420,0.01669,,3,0.01849,,1102,0.01603,,884,0.0128,,1218,0.01979,,636,0.01515
1067,0.01666,,682,0.01844,,1270,0.01602,,1098,0.01279,,1215,0.01979,,530,0.01515
1194,0.01663,,534,0.01842,,411,0.016,,1253,0.01279,,1211,0.01979,,531,0.01515
1217,0.01658,,1038,0.01842,,389,0.01598,,858,0.01279,,1209,0.01979,,641,0.01515
1044,0.01656,,1188,0.01839,,565,0.01596,,855,0.01279,,1227,0.01979,,637,0.01513
1037,0.01655,,497,0.01837,,350,0.01595,,1189,0.01277,,353,0.01975,,612,0.01513
1096,0.01651,,1100,0.01836,,1117,0.01594,,1077,0.01273,,1074,0.01974,,615,0.01513
1058,0.0165,,345,0.01835,,653,0.01589,,675,0.01265,,352,0.01972,,602,0.01513
1218,0.01647,,1230,0.01835,,38,0.01589,,902,0.01265,,342,0.0197,,629,0.01513
1043,0.01646,,1231,0.01835,,1054,0.01587,,901,0.01265,,1202,0.0197,,608,0.01513
653,0.01642,,480,0.01835,,394,0.01586,,930,0.0126,,1127,0.01967,,609,0.01513
1123,0.0164,,1084,0.01834,,583,0.01584,,935,0.0126,,1126,0.01967,,628,0.01513
1109,0.0164,,1263,0.0183,,540,0.01584,,931,0.0126,,1108,0.01967,,600,0.01513
1108,0.0164,,1169,0.01826,,543,0.01584,,1154,0.0126,,1123,0.01967,,599,0.01513
1192,0.01633,,1152,0.01824,,1223,0.01583,,899,0.01256,,1076,0.01967,,598,0.01513
1215,0.01632,,331,0.01823,,620,0.01576,,1265,0.01251,,534,0.01966,,592,0.01513
1110,0.01627,,1172,0.0182,,340,0.01571,,1188,0.01247,,1115,0.01963,,589,0.01513
1084,0.01625,,330,0.01819,,347,0.01563,,1187,0.01247,,1183,0.01959,,590,0.01513
1141,0.0162,,1238,0.01816,,615,0.0156,,1192,0.01247,,1186,0.01959,,593,0.01513
1182,0.0162,,494,0.01816,,548,0.01559,,900,0.01236,,1184,0.01959,,597,0.01513
1162,0.01617,,2,0.01815,,40,0.01558,,1213,0.01234,,1185,0.01959,,595,0.01513
1204,0.01616,,1050,0.01813,,616,0.01557,,1203,0.01226,,626,0.01942,,610,0.01513
1203,0.01616,,664,0.0181,,1086,0.01553,,642,0.0122,,1112,0.01941,,1113,0.01504
648,0.01614,,663,0.0181,,1225,0.01551,,1122,0.0122,,328,0.0194,,354,0.015
623,0.01608,,662,0.0181,,627,0.01547,,1271,0.01212,,1102,0.01934,,422,0.01497
1143,0.01604,,676,0.01809,,549,0.0154,,541,0.01209,,329,0.01933,,1118,0.01493
1205,0.01603,,570,0.01806,,1094,0.0154,,892,0.01203,,1178,0.01932,,540,0.01473
1163,0.01602,,1173,0.01805,,1093,0.0154,,1125,0.01203,,1200,0.01931,,537,0.01473
1075,0.01601,,588,0.01803,,1090,0.0154,,558,0.01196,,1131,0.01931,,647,0.01469
1219,0.01599,,1083,0.01802,,1095,0.0154,,1099,0.01194,,330,0.01923,,861,0.01469
348,0.01597,,1151,0.01797,,1089,0.0154,,540,0.0119,,1172,0.01923,,1257,0.01468
1042,0.01595,,347,0.01796,,1088,0.0154,,1133,0.01189,,1214,0.01915,,570,0.01466
1045,0.01591,,1146,0.01795,,1069,0.01537,,856,0.01188,,1086,0.01907,,579,0.01464
1186,0.01588,,671,0.01795,,1075,0.01537,,1201,0.01178,,1107,0.01894,,539,0.0145
1085,0.01587,,1193,0.01788,,1074,0.01536,,960,0.01178,,1130,0.01886,,635,0.01445
346,0.01587,,1052,0.01788,,1061,0.01535,,934,0.01173,,1197,0.01879,,631,0.01445
629,0.01587,,1208,0.01788,,1165,0.01529,,933,0.01171,,1198,0.01879,,634,0.01445
1196,0.01582,,1182,0.01784,,1098,0.01529,,958,0.01169,,1196,0.01879,,633,0.01445
1102,0.01577,,1160,0.01784,,1115,0.01529,,1273,0.01163,,1246,0.01877,,616,0.01445
1142,0.01577,,1154,0.01784,,1120,0.01529,,1143,0.01159,,1245,0.01877,,1107,0.01434
1113,0.01576,,1161,0.01784,,1123,0.01528,,1148,0.01159,,1119,0.01865,,1121,0.01418
584,0.01573,,1158,0.01784,,1080,0.01528,,944,0.0115,,567,0.01863,,1099,0.01418
1169,0.01572,,1156,0.01784,,573,0.01526,,556,0.01131,,1193,0.0186,,1119,0.01418
1062,0.01572,,1232,0.01783,,339,0.01526,,1196,0.01128,,1194,0.0186,,1094,0.01418
639,0.01572,,1053,0.01779,,624,0.01522,,544,0.01124,,1053,0.01846,,1120,0.01418
1144,0.01567,,482,0.01778,,621,0.01522,,543,0.01124,,1052,0.01846,,1096,0.01418
1212,0.01567,,1049,0.01778,,1105,0.01517,,545,0.01124,,576,0.01843,,1102,0.01418
1059,0.01565,,344,0.01773,,412,0.01517,,1092,0.0112,,1091,0.01828,,1137,0.01406
1060,0.01565,,1236,0.01772,,1062,0.01516,,1063,0.01115,,1207,0.01825,,1085,0.01406
618,0.01561,,332,0.01769,,534,0.01516,,1270,0.0111,,1133,0.0182,,1084,0.01406
620,0.01561,,1164,0.01768,,1132,0.01516,,1094,0.01103,,354,0.0182,,1125,0.01406
1111,0.01561,,1130,0.01768,,1130,0.01516,,1168,0.01102,,427,0.01797,,1150,0.014
1077,0.0156,,1163,0.01766,,1135,0.01516,,531,0.01101,,1051,0.01795,,1236,0.01399
1081,0.0156,,1196,0.01762,,406,0.01515,,1079,0.011,,1056,0.01793,,1149,0.01386
617,0.01559,,1135,0.01758,,1079,0.01511,,1212,0.01097,,426,0.01781,,1267,0.01371
619,0.01559,,1129,0.01758,,1048,0.0151,,644,0.01089,,1033,0.01779,,426,0.01369
646,0.01559,,333,0.01754,,1050,0.0151,,959,0.01089,,1042,0.01774,,427,0.01369
1264,0.01558,,336,0.01754,,1271,0.0151,,1081,0.01089,,600,0.01753,,1111,0.01368
1199,0.01558,,348,0.01749,,535,0.0151,,1080,0.01089,,1247,0.01748,,1101,0.01366
1168,0.01556,,349,0.01749,,559,0.01509,,1082,0.01089,,421,0.01744,,429,0.0135
1055,0.01554,,334,0.01741,,1220,0.01509,,1054,0.01088,,569,0.01743,,618,0.01319
1103,0.01554,,1145,0.01739,,1049,0.01509,,1056,0.01088,,620,0.01742,,438,0.01314
1054,0.01554,,1147,0.01739,,1078,0.01506,,629,0.01084,,1041,0.01722,,1073,0.01311
1057,0.01554,,1143,0.01739,,1134,0.01506,,1152,0.01073,,1173,0.0172,,1066,0.01296
649,0.01553,,1144,0.01739,,1250,0.01503,,1151,0.01073,,1034,0.01709,,1250,0.01286
1125,0.01552,,1,0.01734,,1103,0.01501,,850,0.01067,,621,0.01706,,1248,0.01286
1041,0.0155,,1166,0.01732,,1121,0.01501,,565,0.01066,,568,0.01698,,1253,0.01286
1161,0.01548,,343,0.01731,,623,0.01501,,1202,0.01065,,1048,0.01698,,1160,0.01286
1159,0.01548,,1094,0.0173,,652,0.01499,,561,0.01062,,603,0.01692,,1255,0.01286
637,0.01547,,1077,0.01722,,533,0.01497,,1061,0.01059,,602,0.01691,,1164,0.01286
636,0.01547,,1079,0.01722,,631,0.01496,,1145,0.01051,,646,0.01681,,1152,0.01286
650,0.01546,,1095,0.01722,,338,0.01496,,553,0.0104,,1036,0.01676,,1157,0.01286
1079,0.01545,,1093,0.01722,,1144,0.01486,,554,0.0104,,1040,0.01676,,1156,0.01286
1181,0.01544,,1096,0.01722,,1056,0.01478,,606,0.0104,,1039,0.01676,,1154,0.01286
347,0.01544,,1099,0.01715,,1055,0.01478,,605,0.0104,,1043,0.01676,,1158,0.01286
1107,0.01544,,10,0.01715,,1124,0.01478,,552,0.01039,,1035,0.01676,,1155,0.01286
1126,0.01537,,669,0.01713,,1272,0.01478,,539,0.01038,,1045,0.01676,,1159,0.01286
1149,0.01534,,11,0.01712,,37,0.01476,,546,0.01038,,571,0.01653,,563,0.01279
524,0.01533,,356,0.01709,,1257,0.01475,,1249,0.01034,,617,0.01653,,18,0.01276
610,0.01532,,7,0.01708,,550,0.01472,,530,0.01031,,611,0.01653,,1114,0.01252
588,0.01532,,337,0.01706,,609,0.01469,,560,0.01022,,1199,0.01648,,436,0.01245
1061,0.01531,,1162,0.01702,,606,0.01466,,559,0.01022,,591,0.01646,,432,0.01245
1106,0.0153,,1195,0.01701,,345,0.01466,,1095,0.01014,,605,0.01645,,644,0.01241
1105,0.0153,,634,0.01699,,617,0.01463,,1097,0.01014,,590,0.01645,,1060,0.01241
587,0.0153,,8,0.01693,,344,0.01463,,1096,0.01014,,599,0.01645,,1064,0.01241
1115,0.01528,,1139,0.01685,,1065,0.01463,,1093,0.01014,,589,0.01645,,1061,0.01241
1211,0.01527,,547,0.01685,,1227,0.01462,,1073,0.01007,,606,0.01645,,1059,0.01241
1112,0.01527,,346,0.01679,,572,0.01453,,1164,0.01006,,1038,0.01644,,1062,0.01241
1164,0.01525,,1120,0.01679,,1100,0.01453,,1166,0.01006,,650,0.01642,,1063,0.01241
1095,0.01524,,1137,0.01678,,596,0.01452,,1086,0.00996,,422,0.01634,,617,0.01233
437,0.01516,,1138,0.01678,,594,0.01452,,1127,0.00979,,530,0.01633,,624,0.01233
1210,0.01512,,1136,0.01678,,603,0.01452,,1102,0.00978,,531,0.01633,,619,0.0123
1116,0.01511,,1134,0.01678,,1081,0.01452,,1194,0.00977,,641,0.01633,,1083,0.01229
638,0.01503,,1131,0.01678,,1082,0.01452,,533,0.0097,,536,0.01615,,430,0.01219
624,0.01503,,1132,0.01678,,1126,0.01452,,1124,0.00967,,638,0.01615,,431,0.01219
1188,0.01502,,630,0.01677,,1125,0.01452,,1117,0.00963,,1049,0.01601,,1161,0.01211
1145,0.01501,,6,0.01676,,585,0.01452,,1198,0.00963,,598,0.01599,,1261,0.01209
1147,0.01501,,1114,0.01666,,1129,0.01442,,1142,0.00963,,609,0.01599,,1259,0.01209
1069,0.01498,,355,0.01665,,1269,0.01441,,1141,0.00963,,615,0.01599,,1263,0.01195
1056,0.01496,,338,0.01656,,557,0.01437,,1116,0.00962,,610,0.01599,,1269,0.01194
651,0.01491,,340,0.01656,,343,0.01437,,1115,0.00962,,612,0.01599,,1105,0.01194
1076,0.01487,,1200,0.01655,,1128,0.01437,,1103,0.00962,,601,0.01599,,1108,0.01194
1202,0.01483,,1098,0.01646,,1131,0.01436,,1128,0.00962,,608,0.01599,,1109,0.01194
529,0.01482,,1082,0.01646,,1136,0.01436,,1105,0.00962,,437,0.01595,,1110,0.01194
418,0.0148,,1097,0.01646,,1137,0.01436,,1123,0.00962,,1044,0.01592,,1106,0.01194
1124,0.01479,,574,0.01645,,1226,0.01436,,1126,0.00962,,653,0.01592,,1115,0.01194
1171,0.01478,,657,0.01643,,1138,0.01436,,1104,0.00955,,429,0.01584,,1093,0.01167
1080,0.01477,,1237,0.01641,,536,0.01429,,1205,0.00952,,645,0.01571,,1103,0.01167
641,0.01474,,1047,0.01639,,1154,0.01427,,1067,0.0095,,537,0.01571,,1123,0.01167
1121,0.01471,,1155,0.01631,,1155,0.01427,,1064,0.0095,,436,0.01565,,1100,0.01167
1187,0.01467,,1046,0.01627,,1258,0.01426,,1066,0.0095,,428,0.01556,,1095,0.01167
625,0.01466,,1037,0.01619,,1162,0.01426,,619,0.00949,,423,0.01554,,1097,0.01167
1093,0.01463,,1033,0.01613,,626,0.01426,,618,0.0094,,424,0.01554,,1098,0.01167
416,0.01462,,1192,0.01604,,539,0.01424,,1193,0.00939,,425,0.01554,,1143,0.01167
1117,0.01462,,603,0.01598,,608,0.01424,,1147,0.00936,,1046,0.01553,,1050,0.01164
1206,0.01461,,631,0.01596,,600,0.01416,,596,0.00932,,1037,0.01553,,1072,0.01154
627,0.01461,,1035,0.01586,,604,0.01416,,532,0.00928,,577,0.0155,,1271,0.01149
572,0.01459,,1039,0.01586,,561,0.01414,,1074,0.00927,,637,0.01546,,1272,0.01149
1189,0.01457,,1036,0.01586,,1073,0.01412,,1087,0.00923,,636,0.01546,,1270,0.01149
1190,0.01454,,1034,0.01586,,560,0.01412,,616,0.00918,,616,0.01545,,1169,0.01142
1197,0.01452,,1194,0.01578,,1160,0.01399,,615,0.00918,,647,0.01536,,1168,0.01142
626,0.01451,,341,0.01576,,1158,0.01399,,566,0.00914,,627,0.0153,,1148,0.01142
1207,0.0145,,670,0.01567,,1159,0.01399,,1144,0.00909,,435,0.01527,,1082,0.01142
616,0.0145,,610,0.01566,,1099,0.01398,,1211,0.00905,,619,0.01517,,1086,0.01142
613,0.01449,,1165,0.01557,,1251,0.01398,,572,0.009,,570,0.01517,,1126,0.01142
1170,0.01447,,350,0.01553,,1161,0.01397,,1208,0.00868,,583,0.01517,,1128,0.01142
599,0.01446,,339,0.0155,,1113,0.01396,,1199,0.00865,,622,0.01511,,1136,0.01142
1166,0.01445,,613,0.01533,,1249,0.01395,,648,0.00859,,640,0.01494,,1088,0.01142
1101,0.01445,,342,0.01527,,1083,0.01386,,1075,0.00858,,604,0.01484,,1080,0.01142
1209,0.0144,,626,0.01521,,625,0.01385,,1090,0.00858,,595,0.01483,,1092,0.01142
545,0.01438,,615,0.01517,,579,0.01377,,586,0.00857,,434,0.0148,,1090,0.01142
1086,0.01438,,1092,0.01507,,578,0.01377,,557,0.00852,,572,0.01476,,1089,0.01142
1082,0.01437,,1040,0.01505,,1253,0.01372,,555,0.00852,,1187,0.01474,,1081,0.01142
645,0.01436,,557,0.01495,,1087,0.0137,,551,0.00852,,643,0.01463,,1129,0.01142
582,0.01431,,560,0.01495,,1084,0.01363,,562,0.00844,,1047,0.01456,,1134,0.01142
581,0.01431,,567,0.0149,,1252,0.0136,,638,0.00842,,652,0.01455,,1139,0.01142
1208,0.01428,,1048,0.01489,,532,0.01356,,621,0.00835,,631,0.01441,,1130,0.01142
605,0.01425,,616,0.01487,,619,0.01355,,1119,0.00833,,639,0.0142,,1138,0.01142
1120,0.01423,,352,0.01486,,1248,0.01345,,1120,0.00833,,532,0.0142,,1069,0.01142
1157,0.01422,,554,0.01483,,598,0.01342,,1121,0.00833,,535,0.0142,,1132,0.01142
349,0.01419,,648,0.01471,,593,0.01342,,1209,0.00826,,592,0.01412,,1068,0.01142
608,0.01418,,1042,0.01456,,597,0.01342,,1065,0.0082,,649,0.01406,,1141,0.01142
1151,0.01417,,608,0.01448,,589,0.01342,,538,0.00818,,438,0.01386,,1077,0.01142
569,0.01415,,605,0.01448,,605,0.01342,,589,0.00818,,574,0.01369,,1075,0.01142
1160,0.01415,,606,0.01448,,595,0.01342,,1068,0.0081,,635,0.01359,,1076,0.01142
597,0.01413,,609,0.01448,,602,0.01342,,1083,0.0081,,579,0.01357,,1135,0.01142
598,0.01413,,612,0.01448,,592,0.01342,,1134,0.00809,,430,0.01353,,1142,0.01142
1228,0.01413,,1041,0.01448,,599,0.01342,,1136,0.00809,,585,0.01352,,1074,0.01142
1152,0.01411,,551,0.01446,,590,0.01342,,1138,0.00809,,593,0.01352,,1116,0.01138
525,0.0141,,651,0.01442,,601,0.01342,,1135,0.00809,,597,0.01352,,1065,0.01138
1150,0.0141,,649,0.01442,,581,0.01339,,598,0.00806,,596,0.01352,,1091,0.01116
1127,0.0141,,650,0.01442,,584,0.01339,,1210,0.00806,,587,0.01352,,596,0.01113
1119,0.01409,,617,0.01434,,586,0.01339,,1129,0.00804,,607,0.01352,,648,0.01087
615,0.01408,,571,0.01431,,1133,0.01338,,1091,0.00775,,581,0.01352,,1131,0.01086
585,0.01407,,614,0.01421,,580,0.01335,,1070,0.00769,,584,0.01352,,574,0.01083
434,0.01402,,552,0.01419,,537,0.01334,,1137,0.00765,,648,0.01349,,1146,0.01075
550,0.01394,,568,0.01419,,538,0.01334,,624,0.00754,,613,0.01346,,1162,0.01067
600,0.01392,,559,0.01419,,588,0.01329,,574,0.0075,,562,0.01336,,573,0.01063
1148,0.01384,,563,0.01419,,564,0.01314,,569,0.00739,,634,0.01332,,566,0.01036
1087,0.01381,,566,0.01419,,563,0.01314,,568,0.00739,,543,0.01332,,1273,0.01036
612,0.01374,,561,0.01419,,577,0.01313,,567,0.00739,,544,0.01332,,651,0.01022
635,0.01373,,553,0.01419,,576,0.01313,,564,0.00739,,558,0.01317,,601,0.01019
1167,0.0137,,564,0.01419,,1139,0.01307,,575,0.00734,,630,0.01305,,562,0.01019
1146,0.01365,,555,0.01419,,587,0.01306,,607,0.00732,,629,0.01305,,561,0.01019
643,0.01365,,562,0.01419,,566,0.01304,,647,0.0073,,575,0.01305,,605,0.01019
534,0.01362,,607,0.01415,,582,0.013,,650,0.0073,,552,0.01293,,630,0.01019
640,0.01361,,572,0.01407,,1256,0.01297,,651,0.0073,,573,0.0129,,569,0.01019
422,0.01356,,1043,0.01406,,1127,0.01297,,1206,0.00726,,623,0.01278,,587,0.01019
436,0.01353,,660,0.01401,,1122,0.01293,,536,0.00723,,618,0.01278,,586,0.01019
533,0.01352,,565,0.01396,,1260,0.01289,,535,0.00723,,564,0.01277,,571,0.01019
532,0.01352,,354,0.01394,,1219,0.01289,,1076,0.00719,,561,0.01274,,581,0.01019
531,0.0135,,353,0.01375,,1148,0.01281,,649,0.00714,,556,0.01274,,578,0.01019
634,0.01346,,438,0.01371,,1247,0.01263,,597,0.00711,,559,0.01274,,582,0.01019
644,0.01342,,621,0.01363,,630,0.01256,,591,0.00708,,555,0.01274,,584,0.01019
606,0.01341,,1133,0.01359,,642,0.01255,,1071,0.00703,,560,0.01274,,1268,0.00991
526,0.01338,,622,0.01357,,1255,0.01254,,1088,0.00702,,549,0.01257,,607,0.0098
548,0.01322,,624,0.01355,,1146,0.01248,,1089,0.00702,,554,0.01255,,545,0.0098
549,0.01322,,635,0.0134,,622,0.01243,,1131,0.00699,,541,0.01237,,543,0.0098
1083,0.01318,,600,0.01333,,556,0.01218,,534,0.00693,,542,0.01237,,546,0.0098
542,0.0131,,602,0.01333,,551,0.01217,,1085,0.00673,,539,0.01237,,588,0.0098
544,0.01309,,601,0.01333,,552,0.01217,,582,0.00667,,538,0.01237,,1054,0.00963
421,0.01306,,599,0.01333,,1156,0.01214,,631,0.00659,,546,0.01237,,1067,0.00963
609,0.013,,575,0.01333,,558,0.01205,,632,0.00642,,644,0.01237,,1057,0.00963
611,0.013,,595,0.01333,,1149,0.01199,,1084,0.00632,,550,0.01235,,542,0.0096
543,0.01292,,594,0.01333,,1152,0.01199,,1207,0.00628,,614,0.01222,,541,0.0096
595,0.01289,,647,0.01332,,574,0.01199,,620,0.00626,,431,0.01212,,538,0.0096
594,0.01289,,618,0.01331,,567,0.01198,,1132,0.00625,,432,0.01212,,650,0.00955
596,0.01289,,577,0.0132,,634,0.0119,,622,0.00622,,625,0.01209,,649,0.00955
426,0.01281,,591,0.0132,,1143,0.01186,,1130,0.0062,,624,0.01209,,638,0.00955
1252,0.0128,,658,0.01319,,1157,0.0118,,623,0.00614,,642,0.01205,,639,0.00955
630,0.01266,,636,0.01317,,1147,0.0118,,573,0.00613,,651,0.01195,,533,0.00955
1104,0.01257,,569,0.01307,,1261,0.01177,,617,0.00611,,433,0.01186,,1087,0.00951
546,0.01257,,619,0.01301,,618,0.01176,,628,0.00609,,547,0.01184,,625,0.00949
628,0.01252,,583,0.013,,1070,0.01156,,626,0.00584,,669,0.01182,,555,0.00939
603,0.01241,,1045,0.01295,,1150,0.0115,,537,0.00566,,545,0.01162,,575,0.00939
535,0.01234,,644,0.01286,,649,0.01141,,630,0.00558,,529,0.01159,,552,0.00938
430,0.01225,,627,0.01286,,1151,0.01127,,637,0.00558,,628,0.01159,,1104,0.00938
1090,0.01225,,646,0.01285,,1071,0.01122,,633,0.00558,,563,0.01157,,557,0.00931
1089,0.01225,,1044,0.01279,,629,0.0112,,641,0.00558,,553,0.01157,,564,0.00931
538,0.01216,,661,0.01274,,628,0.0112,,635,0.00558,,533,0.01142,,535,0.00926
425,0.01204,,659,0.01274,,636,0.0112,,639,0.00558,,633,0.01142,,547,0.00885
435,0.01203,,656,0.01261,,1267,0.01115,,634,0.00558,,586,0.01133,,623,0.00879
547,0.01202,,556,0.01253,,1145,0.01114,,603,0.00555,,578,0.01133,,640,0.00871
527,0.01201,,593,0.01251,,1265,0.01111,,571,0.00555,,661,0.01124,,548,0.00869
1165,0.01191,,592,0.01251,,1104,0.01104,,602,0.00555,,658,0.01124,,583,0.00866
1263,0.0119,,590,0.01251,,1268,0.01101,,588,0.00555,,671,0.01117,,551,0.0086
429,0.01187,,578,0.01251,,554,0.01098,,594,0.00555,,665,0.01116,,1070,0.00857
432,0.01186,,589,0.01251,,555,0.01083,,584,0.00547,,565,0.01113,,1079,0.00857
642,0.0118,,580,0.01251,,648,0.01082,,585,0.00547,,566,0.01111,,585,0.00847
539,0.01178,,579,0.01251,,650,0.01082,,581,0.00547,,557,0.0111,,1166,0.00838
593,0.01175,,581,0.01251,,1266,0.01074,,595,0.00544,,551,0.01107,,1145,0.00838
592,0.01175,,587,0.01251,,638,0.0107,,549,0.00542,,580,0.01107,,1147,0.00838
590,0.01175,,584,0.01251,,1142,0.01066,,550,0.00542,,588,0.01107,,1262,0.00838
541,0.01173,,576,0.01251,,553,0.01063,,548,0.00542,,673,0.01105,,1258,0.00829
536,0.01163,,597,0.01251,,568,0.01045,,593,0.00534,,670,0.01093,,568,0.00783
589,0.01158,,596,0.01251,,1141,0.01044,,587,0.00534,,657,0.01086,,560,0.00783
1088,0.01157,,598,0.01251,,571,0.01031,,1191,0.00528,,655,0.01064,,565,0.00783
428,0.01154,,611,0.0125,,644,0.0102,,563,0.00519,,659,0.01054,,559,0.00783
601,0.01142,,582,0.01233,,646,0.0102,,643,0.00517,,654,0.01054,,611,0.00783
604,0.01136,,620,0.01227,,645,0.0102,,1062,0.00509,,656,0.01054,,606,0.00783
1073,0.01136,,642,0.01217,,640,0.01019,,627,0.00487,,663,0.01049,,1055,0.00781
632,0.01124,,645,0.01212,,637,0.00993,,625,0.00483,,666,0.01048,,1266,0.00781
423,0.0112,,625,0.01207,,641,0.00993,,1139,0.00474,,662,0.01048,,1265,0.00781
537,0.01109,,641,0.01199,,647,0.00985,,576,0.00378,,664,0.01048,,1151,0.00781
528,0.01098,,643,0.01199,,651,0.00983,,590,0.00378,,667,0.01048,,1256,0.00781
540,0.01088,,638,0.01199,,633,0.00965,,592,0.00378,,668,0.01048,,1165,0.00781
530,0.0108,,639,0.0113,,607,0.00964,,577,0.00378,,540,0.01039,,1249,0.00781
607,0.01072,,586,0.01113,,1262,0.0095,,578,0.00378,,548,0.01021,,553,0.0078
433,0.01049,,573,0.01084,,1259,0.00948,,579,0.00378,,660,0.01015,,1254,0.00733
424,0.01042,,652,0.01083,,643,0.00934,,580,0.00378,,672,0.01006,,1153,0.00733
591,0.01042,,637,0.01063,,635,0.00905,,599,0.00378,,680,0.00979,,549,0.00703
431,0.0104,,623,0.01056,,632,0.00877,,600,0.00378,,582,0.00966,,550,0.00703
633,0.01026,,585,0.0105,,1264,0.00859,,601,0.00378,,682,0.00943,,558,0.00685
602,0.01015,,655,0.00988,,569,0.00845,,604,0.00378,,674,0.00899,,554,0.00658
631,0.01012,,654,0.0096,,591,0.00753,,645,0.00378,,679,0.00861,,572,0.00594
583,0.00952,,653,0.00937,,639,0.00719,,646,0.00378,,676,0.00774,,544,0.00593
575,0.00904,,640,0.00825,,575,0.00281,,636,0.00225,,678,0.0074,,556,0.00443
